"","height","age_median","age_min","age_max","plus","minus"
"1",0,816.79,813.16,820.24,3.45,3.63
"2",1,816.77,813.14,820.22,3.45,3.63
"3",2,816.76,813.13,820.21,3.45,3.63
"4",3,816.74,813.11,820.19,3.45,3.63
"5",4,816.73,813.1,820.18,3.45,3.63
"6",5,816.71,813.08,820.16,3.45,3.63
"7",6,816.7,813.07,820.14,3.45,3.63
"8",7,816.68,813.05,820.13,3.45,3.63
"9",8,816.66,813.04,820.11,3.45,3.63
"10",9,816.65,813.02,820.1,3.45,3.63
"11",10,816.63,813,820.08,3.45,3.63
"12",11,816.62,812.99,820.06,3.45,3.63
"13",12,816.6,812.97,820.05,3.45,3.63
"14",13,816.58,812.96,820.03,3.45,3.63
"15",14,816.57,812.94,820.01,3.45,3.63
"16",15,816.55,812.93,820,3.45,3.63
"17",16,816.54,812.91,819.98,3.45,3.62
"18",17,816.52,812.9,819.97,3.45,3.62
"19",18,816.5,812.88,819.95,3.45,3.62
"20",19,816.49,812.86,819.93,3.44,3.62
"21",20,816.47,812.85,819.92,3.44,3.62
"22",21,816.46,812.83,819.9,3.44,3.62
"23",22,816.44,812.82,819.88,3.44,3.62
"24",23,816.42,812.8,819.87,3.44,3.62
"25",24,816.41,812.79,819.85,3.44,3.62
"26",25,816.39,812.77,819.84,3.44,3.62
"27",26,816.38,812.76,819.82,3.44,3.62
"28",27,816.36,812.74,819.8,3.44,3.62
"29",28,816.34,812.72,819.79,3.44,3.62
"30",29,816.33,812.71,819.77,3.44,3.62
"31",30,816.31,812.69,819.75,3.44,3.62
"32",31,816.3,812.68,819.74,3.44,3.62
"33",32,816.28,812.66,819.72,3.44,3.62
"34",33,816.27,812.65,819.7,3.44,3.62
"35",34,816.25,812.63,819.69,3.44,3.62
"36",35,816.23,812.61,819.67,3.44,3.62
"37",36,816.22,812.6,819.66,3.44,3.62
"38",37,816.2,812.58,819.64,3.44,3.62
"39",38,816.19,812.57,819.62,3.44,3.62
"40",39,816.17,812.55,819.61,3.44,3.62
"41",40,816.15,812.53,819.59,3.44,3.62
"42",41,816.14,812.52,819.57,3.44,3.62
"43",42,816.12,812.5,819.56,3.44,3.62
"44",43,816.1,812.49,819.54,3.44,3.62
"45",44,816.09,812.47,819.52,3.44,3.62
"46",45,816.07,812.45,819.51,3.44,3.62
"47",46,816.06,812.44,819.49,3.43,3.62
"48",47,816.04,812.42,819.47,3.43,3.62
"49",48,816.02,812.4,819.46,3.43,3.62
"50",49,816.01,812.39,819.44,3.43,3.62
"51",50,815.99,812.37,819.43,3.43,3.62
"52",51,815.98,812.36,819.41,3.43,3.62
"53",52,815.96,812.34,819.39,3.43,3.62
"54",53,815.94,812.32,819.38,3.43,3.62
"55",54,815.93,812.31,819.36,3.43,3.62
"56",55,815.91,812.29,819.34,3.43,3.62
"57",56,815.89,812.28,819.33,3.43,3.62
"58",57,815.88,812.26,819.31,3.43,3.62
"59",58,815.86,812.24,819.29,3.43,3.62
"60",59,815.85,812.23,819.28,3.43,3.62
"61",60,815.83,812.21,819.26,3.43,3.62
"62",61,815.81,812.2,819.24,3.43,3.62
"63",62,815.8,812.18,819.23,3.43,3.62
"64",63,815.78,812.16,819.21,3.43,3.62
"65",64,815.76,812.15,819.19,3.43,3.62
"66",65,815.75,812.13,819.18,3.43,3.62
"67",66,815.73,812.11,819.16,3.43,3.62
"68",67,815.71,812.1,819.15,3.44,3.61
"69",68,815.7,812.09,819.13,3.44,3.61
"70",69,815.68,812.07,819.12,3.43,3.61
"71",70,815.67,812.05,819.1,3.43,3.61
"72",71,815.65,812.04,819.08,3.43,3.61
"73",72,815.63,812.02,819.07,3.43,3.61
"74",73,815.62,812.01,819.06,3.44,3.61
"75",74,815.6,812,819.04,3.44,3.61
"76",75,815.58,811.98,819.02,3.44,3.6
"77",76,815.57,811.96,819.01,3.44,3.6
"78",77,815.55,811.95,818.99,3.44,3.6
"79",78,815.54,811.93,818.97,3.44,3.6
"80",79,815.52,811.92,818.96,3.44,3.6
"81",80,815.5,811.9,818.94,3.44,3.6
"82",81,815.49,811.88,818.92,3.44,3.6
"83",82,815.47,811.87,818.91,3.44,3.6
"84",83,815.45,811.85,818.89,3.44,3.6
"85",84,815.44,811.84,818.87,3.43,3.6
"86",85,815.42,811.82,818.85,3.43,3.6
"87",86,815.4,811.8,818.84,3.43,3.6
"88",87,815.39,811.79,818.82,3.43,3.6
"89",88,815.37,811.77,818.8,3.43,3.6
"90",89,815.35,811.76,818.79,3.43,3.6
"91",90,815.34,811.74,818.77,3.43,3.6
"92",91,815.32,811.72,818.76,3.43,3.6
"93",92,815.3,811.71,818.74,3.44,3.6
"94",93,815.29,811.69,818.72,3.44,3.6
"95",94,815.27,811.67,818.71,3.44,3.6
"96",95,815.25,811.66,818.69,3.44,3.6
"97",96,815.24,811.64,818.67,3.44,3.6
"98",97,815.22,811.62,818.66,3.44,3.6
"99",98,815.21,811.61,818.64,3.44,3.6
"100",99,815.19,811.59,818.63,3.44,3.59
"101",100,815.17,811.57,818.6,3.43,3.61
"102",101,815.16,811.55,818.58,3.43,3.6
"103",102,815.14,811.53,818.57,3.43,3.6
"104",103,815.12,811.52,818.55,3.43,3.6
"105",104,815.11,811.48,818.51,3.4,3.63
"106",105,815.09,811.46,818.49,3.4,3.63
"107",106,815.07,811.45,818.48,3.4,3.62
"108",107,815.06,811.43,818.46,3.4,3.62
"109",108,815.04,811.42,818.44,3.4,3.62
"110",109,815.02,811.4,818.43,3.4,3.62
"111",110,815.01,811.38,818.41,3.4,3.62
"112",111,814.99,811.37,818.39,3.4,3.62
"113",112,814.97,811.35,818.38,3.4,3.62
"114",113,814.96,811.33,818.36,3.4,3.62
"115",114,814.94,811.32,818.34,3.4,3.62
"116",115,814.92,811.3,818.32,3.4,3.62
"117",116,814.91,811.29,818.31,3.4,3.62
"118",117,814.89,811.28,818.3,3.41,3.61
"119",118,814.87,811.26,818.28,3.41,3.61
"120",119,814.86,811.25,818.27,3.41,3.61
"121",120,814.84,811.23,818.25,3.41,3.61
"122",121,814.82,811.21,818.23,3.41,3.61
"123",122,814.81,811.19,818.21,3.41,3.61
"124",123,814.79,811.18,818.19,3.4,3.61
"125",124,814.77,811.16,818.18,3.4,3.61
"126",125,814.76,811.15,818.16,3.4,3.61
"127",126,814.74,811.13,818.14,3.4,3.61
"128",127,814.72,811.11,818.13,3.4,3.61
"129",128,814.71,811.1,818.11,3.4,3.61
"130",129,814.69,811.08,818.09,3.4,3.61
"131",130,814.67,811.06,818.08,3.4,3.61
"132",131,814.66,811.05,818.06,3.4,3.61
"133",132,814.64,811.03,818.04,3.4,3.61
"134",133,814.62,811.01,818.02,3.4,3.61
"135",134,814.61,811,818.01,3.4,3.61
"136",135,814.59,810.98,817.99,3.4,3.61
"137",136,814.57,810.97,817.98,3.41,3.6
"138",137,814.56,810.96,817.96,3.41,3.6
"139",138,814.54,810.94,817.95,3.41,3.6
"140",139,814.52,810.92,817.93,3.41,3.6
"141",140,814.5,810.91,817.91,3.41,3.6
"142",141,814.49,810.89,817.9,3.41,3.6
"143",142,814.47,810.87,817.88,3.41,3.6
"144",143,814.45,810.86,817.86,3.41,3.6
"145",144,814.44,810.84,817.84,3.41,3.6
"146",145,814.42,810.83,817.83,3.4,3.59
"147",146,814.4,810.81,817.81,3.4,3.59
"148",147,814.39,810.79,817.79,3.4,3.59
"149",148,814.37,810.78,817.77,3.4,3.59
"150",149,814.35,810.76,817.76,3.4,3.59
"151",150,814.34,810.74,817.74,3.4,3.59
"152",151,814.32,810.73,817.72,3.4,3.59
"153",152,814.3,810.71,817.7,3.4,3.59
"154",153,814.29,810.69,817.69,3.4,3.59
"155",154,814.27,810.67,817.67,3.4,3.59
"156",155,814.25,810.66,817.65,3.4,3.59
"157",156,814.23,810.64,817.63,3.4,3.59
"158",157,814.22,810.62,817.62,3.4,3.59
"159",158,814.2,810.61,817.6,3.4,3.59
"160",159,814.18,810.59,817.58,3.4,3.59
"161",160,814.17,810.57,817.56,3.4,3.59
"162",161,814.15,810.56,817.55,3.4,3.59
"163",162,814.13,810.54,817.53,3.4,3.59
"164",163,814.12,810.52,817.51,3.4,3.59
"165",164,814.1,810.51,817.5,3.4,3.59
"166",165,814.08,810.49,817.48,3.4,3.59
"167",166,814.07,810.48,817.46,3.4,3.59
"168",167,814.05,810.46,817.45,3.4,3.59
"169",168,814.03,810.44,817.43,3.4,3.59
"170",169,814.01,810.42,817.41,3.4,3.59
"171",170,814,810.41,817.39,3.4,3.59
"172",171,813.98,810.39,817.38,3.4,3.59
"173",172,813.96,810.37,817.36,3.4,3.59
"174",173,813.95,810.36,817.34,3.4,3.59
"175",174,813.93,810.34,817.33,3.4,3.59
"176",175,813.91,810.32,817.31,3.4,3.59
"177",176,813.89,810.31,817.29,3.4,3.59
"178",177,813.88,810.29,817.27,3.4,3.59
"179",178,813.86,810.27,817.26,3.4,3.59
"180",179,813.84,810.26,817.24,3.4,3.59
"181",180,813.83,810.24,817.22,3.4,3.59
"182",181,813.81,810.23,817.21,3.4,3.58
"183",182,813.79,810.21,817.19,3.4,3.58
"184",183,813.77,810.19,817.18,3.4,3.58
"185",184,813.76,810.18,817.16,3.4,3.58
"186",185,813.74,810.16,817.14,3.4,3.58
"187",186,813.72,810.14,817.12,3.4,3.58
"188",187,813.71,810.13,817.1,3.4,3.58
"189",188,813.69,810.11,817.09,3.4,3.58
"190",189,813.67,810.09,817.07,3.4,3.58
"191",190,813.66,810.08,817.05,3.4,3.58
"192",191,813.64,810.06,817.03,3.4,3.58
"193",192,813.62,810.04,817.02,3.4,3.58
"194",193,813.6,810.03,817,3.4,3.58
"195",194,813.59,810.01,816.98,3.4,3.58
"196",195,813.57,809.99,816.97,3.4,3.58
"197",196,813.55,809.98,816.95,3.4,3.58
"198",197,813.54,809.95,816.92,3.39,3.58
"199",198,813.52,809.93,816.91,3.39,3.58
"200",199,813.5,809.92,816.89,3.39,3.58
"201",200,813.48,809.9,816.87,3.39,3.58
"202",201,813.47,809.88,816.85,3.39,3.58
"203",202,813.45,809.87,816.83,3.39,3.58
"204",203,813.43,809.85,816.82,3.39,3.58
"205",204,813.41,809.83,816.8,3.39,3.58
"206",205,813.4,809.82,816.78,3.39,3.58
"207",206,813.38,809.8,816.77,3.39,3.58
"208",207,813.36,809.78,816.75,3.38,3.58
"209",208,813.35,809.77,816.73,3.38,3.58
"210",209,813.33,809.75,816.71,3.38,3.58
"211",210,813.31,809.73,816.69,3.38,3.58
"212",211,813.29,809.72,816.68,3.38,3.58
"213",212,813.28,809.7,816.66,3.38,3.57
"214",213,813.26,809.68,816.64,3.38,3.57
"215",214,813.24,809.67,816.63,3.38,3.57
"216",215,813.22,809.65,816.61,3.38,3.57
"217",216,813.21,809.63,816.59,3.38,3.57
"218",217,813.19,809.62,816.57,3.38,3.57
"219",218,813.17,809.6,816.55,3.38,3.57
"220",219,813.15,809.58,816.54,3.38,3.57
"221",220,813.14,809.56,816.52,3.38,3.57
"222",221,813.12,809.55,816.5,3.38,3.57
"223",222,813.1,809.53,816.48,3.38,3.57
"224",223,813.09,809.51,816.46,3.38,3.57
"225",224,813.07,809.5,816.45,3.38,3.57
"226",225,813.05,809.48,816.43,3.38,3.57
"227",226,813.03,809.46,816.41,3.38,3.57
"228",227,813.02,809.44,816.39,3.38,3.57
"229",228,813,809.43,816.38,3.38,3.57
"230",229,812.98,809.41,816.36,3.38,3.57
"231",230,812.96,809.39,816.34,3.38,3.57
"232",231,812.94,809.37,816.32,3.38,3.57
"233",232,812.93,809.36,816.3,3.38,3.57
"234",233,812.91,809.34,816.29,3.38,3.57
"235",234,812.89,809.32,816.27,3.38,3.57
"236",235,812.87,809.31,816.25,3.38,3.57
"237",236,812.86,809.29,816.23,3.38,3.57
"238",237,812.84,809.27,816.22,3.38,3.57
"239",238,812.82,809.25,816.2,3.38,3.57
"240",239,812.8,809.24,816.18,3.38,3.57
"241",240,812.79,809.22,816.16,3.38,3.57
"242",241,812.77,809.2,816.14,3.38,3.57
"243",242,812.75,809.18,816.13,3.38,3.57
"244",243,812.73,809.17,816.11,3.38,3.57
"245",244,812.72,809.15,816.09,3.38,3.57
"246",245,812.7,809.13,816.07,3.38,3.57
"247",246,812.68,809.11,816.06,3.38,3.57
"248",247,812.66,809.1,816.04,3.38,3.56
"249",248,812.64,809.08,816.02,3.38,3.56
"250",249,812.63,809.06,816,3.38,3.56
"251",250,812.61,809.04,815.99,3.38,3.56
"252",251,812.59,809.03,815.97,3.38,3.56
"253",252,812.57,809.04,815.99,3.41,3.53
"254",253,812.56,809.03,815.97,3.41,3.53
"255",254,812.54,809.01,815.95,3.41,3.53
"256",255,812.52,808.99,815.93,3.41,3.53
"257",256,812.5,808.98,815.91,3.41,3.53
"258",257,812.48,808.96,815.9,3.41,3.52
"259",258,812.47,808.94,815.88,3.41,3.52
"260",259,812.45,808.92,815.86,3.41,3.53
"261",260,812.43,808.91,815.84,3.41,3.53
"262",261,812.41,808.89,815.82,3.41,3.53
"263",262,812.4,808.87,815.8,3.41,3.52
"264",263,812.38,808.85,815.78,3.41,3.52
"265",264,812.36,808.84,815.77,3.41,3.52
"266",265,812.34,808.82,815.75,3.41,3.52
"267",266,812.32,808.8,815.73,3.4,3.52
"268",267,812.31,808.78,815.71,3.4,3.52
"269",268,812.29,808.77,815.69,3.4,3.52
"270",269,812.27,808.75,815.67,3.4,3.52
"271",270,812.25,808.73,815.66,3.4,3.52
"272",271,812.24,808.71,815.64,3.4,3.52
"273",272,812.22,808.64,815.56,3.35,3.58
"274",273,812.2,808.62,815.55,3.34,3.58
"275",274,812.18,808.6,815.53,3.34,3.58
"276",275,812.17,808.59,815.51,3.34,3.58
"277",276,812.15,808.57,815.49,3.34,3.58
"278",277,812.13,808.55,815.47,3.34,3.58
"279",278,812.11,808.53,815.45,3.34,3.58
"280",279,812.09,808.52,815.44,3.34,3.58
"281",280,812.08,808.5,815.42,3.34,3.58
"282",281,812.06,808.48,815.4,3.34,3.58
"283",282,812.04,808.46,815.38,3.34,3.58
"284",283,812.02,808.45,815.36,3.34,3.58
"285",284,812.01,808.43,815.35,3.34,3.58
"286",285,811.99,808.45,815.37,3.38,3.53
"287",286,811.97,808.44,815.35,3.38,3.53
"288",287,811.95,808.42,815.33,3.38,3.53
"289",288,811.93,808.4,815.31,3.38,3.53
"290",289,811.91,808.38,815.3,3.38,3.53
"291",290,811.9,808.37,815.28,3.38,3.53
"292",291,811.88,808.35,815.26,3.38,3.53
"293",292,811.86,808.33,815.24,3.38,3.53
"294",293,811.84,808.31,815.22,3.38,3.53
"295",294,811.83,808.3,815.2,3.38,3.53
"296",295,811.81,808.28,815.18,3.38,3.53
"297",296,811.79,808.26,815.17,3.38,3.53
"298",297,811.77,808.24,815.15,3.38,3.53
"299",298,811.75,808.23,815.13,3.38,3.53
"300",299,811.73,808.21,815.12,3.38,3.52
"301",300,811.72,808.19,815.1,3.38,3.52
"302",301,811.7,808.18,815.08,3.38,3.52
"303",302,811.68,808.16,815.06,3.38,3.52
"304",303,811.66,808.14,815.04,3.38,3.52
"305",304,811.64,808.12,815.02,3.38,3.52
"306",305,811.63,808.11,815,3.38,3.52
"307",306,811.61,808.09,814.99,3.38,3.52
"308",307,811.59,808.07,814.97,3.38,3.52
"309",308,811.57,808.05,814.95,3.38,3.52
"310",309,811.55,808.03,814.93,3.38,3.52
"311",310,811.54,808.02,814.91,3.38,3.52
"312",311,811.52,808,814.89,3.37,3.52
"313",312,811.5,807.98,814.87,3.37,3.52
"314",313,811.48,807.96,814.85,3.37,3.52
"315",314,811.46,807.94,814.84,3.37,3.52
"316",315,811.44,807.92,814.82,3.37,3.52
"317",316,811.43,807.91,814.8,3.37,3.52
"318",317,811.41,807.89,814.78,3.37,3.52
"319",318,811.39,807.87,814.76,3.37,3.52
"320",319,811.37,807.85,814.74,3.37,3.52
"321",320,811.35,807.83,814.72,3.37,3.52
"322",321,811.33,807.82,814.7,3.37,3.52
"323",322,811.32,807.8,814.68,3.37,3.52
"324",323,811.3,807.78,814.67,3.37,3.52
"325",324,811.28,807.76,814.65,3.37,3.52
"326",325,811.26,807.75,814.63,3.37,3.52
"327",326,811.24,807.73,814.61,3.37,3.52
"328",327,811.23,807.71,814.59,3.37,3.52
"329",328,811.21,807.69,814.57,3.37,3.52
"330",329,811.19,807.67,814.55,3.37,3.52
"331",330,811.17,807.66,814.54,3.36,3.52
"332",331,811.15,807.64,814.52,3.36,3.52
"333",332,811.13,807.62,814.5,3.36,3.51
"334",333,811.12,807.6,814.48,3.36,3.51
"335",334,811.1,807.58,814.46,3.36,3.51
"336",335,811.08,807.57,814.44,3.36,3.51
"337",336,811.06,807.55,814.42,3.36,3.51
"338",337,811.04,807.53,814.41,3.36,3.51
"339",338,811.02,807.51,814.39,3.36,3.51
"340",339,811.01,807.49,814.37,3.36,3.51
"341",340,810.99,807.47,814.35,3.36,3.51
"342",341,810.97,807.46,814.33,3.36,3.51
"343",342,810.95,807.44,814.31,3.36,3.51
"344",343,810.93,807.42,814.3,3.36,3.51
"345",344,810.91,807.4,814.28,3.36,3.51
"346",345,810.9,807.38,814.26,3.36,3.51
"347",346,810.88,807.36,814.24,3.36,3.51
"348",347,810.86,807.37,814.24,3.38,3.49
"349",348,810.84,807.35,814.22,3.38,3.49
"350",349,810.82,807.33,814.21,3.38,3.49
"351",350,810.8,807.31,814.19,3.38,3.49
"352",351,810.79,807.3,814.17,3.38,3.49
"353",352,810.77,807.28,814.15,3.38,3.49
"354",353,810.75,807.26,814.13,3.38,3.49
"355",354,810.73,807.24,814.11,3.38,3.49
"356",355,810.71,807.22,814.09,3.38,3.49
"357",356,810.69,807.2,814.07,3.38,3.49
"358",357,810.68,807.19,814.05,3.38,3.49
"359",358,810.66,807.17,814.04,3.38,3.49
"360",359,810.64,807.13,814,3.36,3.51
"361",360,810.62,807.11,813.98,3.36,3.51
"362",361,810.6,807.1,813.96,3.36,3.51
"363",362,810.58,807.08,813.94,3.36,3.51
"364",363,810.56,807.06,813.92,3.36,3.51
"365",364,810.55,807.04,813.9,3.36,3.51
"366",365,810.53,807.02,813.88,3.36,3.51
"367",366,810.51,807,813.87,3.36,3.51
"368",367,810.49,806.99,813.85,3.36,3.5
"369",368,810.47,806.97,813.83,3.36,3.5
"370",369,810.45,806.95,813.81,3.36,3.5
"371",370,810.43,806.93,813.79,3.36,3.5
"372",371,810.42,806.91,813.77,3.36,3.5
"373",372,810.4,806.89,813.75,3.36,3.5
"374",373,810.38,806.88,813.73,3.36,3.5
"375",374,810.36,806.86,813.72,3.36,3.5
"376",375,810.34,806.84,813.7,3.36,3.5
"377",376,810.32,806.82,813.68,3.36,3.5
"378",377,810.3,806.8,813.66,3.36,3.5
"379",378,810.28,806.78,813.64,3.36,3.5
"380",379,810.26,806.76,813.62,3.36,3.5
"381",380,810.25,806.75,813.6,3.36,3.5
"382",381,810.23,806.73,813.58,3.36,3.5
"383",382,810.21,806.71,813.56,3.36,3.5
"384",383,810.19,806.69,813.55,3.36,3.5
"385",384,810.17,806.64,813.5,3.33,3.53
"386",385,810.15,806.63,813.48,3.33,3.53
"387",386,810.13,806.61,813.46,3.33,3.53
"388",387,810.12,806.59,813.44,3.33,3.52
"389",388,810.1,806.57,813.42,3.33,3.52
"390",389,810.08,806.55,813.4,3.33,3.52
"391",390,810.06,806.54,813.38,3.33,3.52
"392",391,810.04,806.52,813.37,3.33,3.52
"393",392,810.02,806.5,813.35,3.33,3.52
"394",393,810,806.48,813.33,3.33,3.52
"395",394,809.98,806.46,813.31,3.33,3.52
"396",395,809.96,806.45,813.29,3.33,3.52
"397",396,809.94,806.43,813.27,3.33,3.52
"398",397,809.93,806.41,813.25,3.33,3.52
"399",398,809.91,806.39,813.23,3.33,3.52
"400",399,809.89,806.37,813.22,3.33,3.52
"401",400,809.87,806.35,813.2,3.33,3.52
"402",401,809.85,806.34,813.18,3.33,3.52
"403",402,809.83,806.32,813.16,3.33,3.51
"404",403,809.81,806.3,813.14,3.32,3.52
"405",404,809.79,806.28,813.12,3.32,3.52
"406",405,809.77,806.26,813.1,3.32,3.52
"407",406,809.76,806.24,813.08,3.32,3.52
"408",407,809.74,806.22,813.06,3.32,3.52
"409",408,809.72,806.2,813.04,3.32,3.52
"410",409,809.7,806.18,813.02,3.32,3.52
"411",410,809.68,806.16,813,3.32,3.52
"412",411,809.66,806.15,812.98,3.32,3.52
"413",412,809.64,806.13,812.96,3.32,3.52
"414",413,809.62,806.11,812.94,3.31,3.52
"415",414,809.6,806.09,812.92,3.31,3.52
"416",415,809.59,806.07,812.9,3.31,3.52
"417",416,809.57,806.05,812.88,3.31,3.52
"418",417,809.55,806.03,812.86,3.31,3.52
"419",418,809.53,806.01,812.84,3.31,3.52
"420",419,809.51,805.99,812.82,3.31,3.52
"421",420,809.49,805.97,812.8,3.31,3.52
"422",421,809.47,805.95,812.78,3.31,3.52
"423",422,809.45,805.94,812.76,3.31,3.52
"424",423,809.43,805.92,812.74,3.31,3.51
"425",424,809.41,805.9,812.72,3.31,3.51
"426",425,809.39,805.88,812.7,3.31,3.51
"427",426,809.37,805.86,812.68,3.31,3.51
"428",427,809.35,805.84,812.66,3.31,3.51
"429",428,809.34,805.82,812.64,3.31,3.51
"430",429,809.32,805.8,812.63,3.31,3.52
"431",430,809.3,805.85,812.68,3.38,3.44
"432",431,809.28,805.83,812.66,3.38,3.44
"433",432,809.26,805.82,812.64,3.38,3.44
"434",433,809.24,805.8,812.62,3.38,3.44
"435",434,809.22,805.78,812.6,3.38,3.44
"436",435,809.2,805.76,812.58,3.38,3.44
"437",436,809.18,805.74,812.56,3.38,3.44
"438",437,809.16,805.72,812.54,3.38,3.44
"439",438,809.14,805.7,812.52,3.38,3.44
"440",439,809.12,805.68,812.5,3.38,3.44
"441",440,809.1,805.66,812.48,3.38,3.44
"442",441,809.08,805.64,812.46,3.38,3.44
"443",442,809.06,805.63,812.44,3.38,3.44
"444",443,809.05,805.61,812.42,3.38,3.44
"445",444,809.03,805.59,812.4,3.38,3.44
"446",445,809.01,805.57,812.38,3.38,3.44
"447",446,808.99,805.55,812.36,3.38,3.44
"448",447,808.97,805.53,812.34,3.38,3.44
"449",448,808.95,805.51,812.32,3.38,3.44
"450",449,808.93,805.49,812.31,3.38,3.44
"451",450,808.91,805.39,812.2,3.29,3.52
"452",451,808.89,805.37,812.18,3.29,3.52
"453",452,808.87,805.35,812.16,3.29,3.52
"454",453,808.85,805.33,812.14,3.29,3.52
"455",454,808.83,805.31,812.12,3.29,3.52
"456",455,808.81,805.29,812.1,3.29,3.52
"457",456,808.79,805.27,812.08,3.29,3.52
"458",457,808.77,805.25,812.06,3.29,3.52
"459",458,808.75,805.24,812.04,3.29,3.52
"460",459,808.73,805.22,812.02,3.29,3.52
"461",460,808.71,805.2,812,3.29,3.52
"462",461,808.7,805.18,811.98,3.29,3.52
"463",462,808.68,805.14,811.94,3.27,3.54
"464",463,808.66,805.12,811.92,3.26,3.54
"465",464,808.64,805.1,811.9,3.26,3.54
"466",465,808.62,805.08,811.88,3.26,3.54
"467",466,808.6,805.06,811.86,3.26,3.54
"468",467,808.58,805.04,811.84,3.26,3.54
"469",468,808.56,805.02,811.82,3.26,3.54
"470",469,808.54,805,811.8,3.26,3.54
"471",470,808.52,804.98,811.78,3.26,3.54
"472",471,808.5,804.96,811.76,3.26,3.54
"473",472,808.48,804.94,811.74,3.26,3.54
"474",473,808.46,804.92,811.72,3.26,3.53
"475",474,808.44,804.9,811.7,3.26,3.53
"476",475,808.42,804.89,811.68,3.26,3.53
"477",476,808.4,804.87,811.66,3.26,3.53
"478",477,808.38,804.77,811.57,3.19,3.61
"479",478,808.36,804.83,811.62,3.26,3.53
"480",479,808.34,804.81,811.6,3.26,3.53
"481",480,808.32,804.79,811.58,3.26,3.53
"482",481,808.3,804.69,811.49,3.18,3.61
"483",482,808.28,804.68,811.47,3.18,3.61
"484",483,808.26,804.66,811.45,3.18,3.6
"485",484,808.24,804.64,811.43,3.18,3.6
"486",485,808.22,804.71,811.5,3.28,3.51
"487",486,808.2,804.67,811.46,3.26,3.53
"488",487,808.18,804.65,811.44,3.25,3.53
"489",488,808.16,804.63,811.41,3.25,3.53
"490",489,808.14,804.61,811.39,3.25,3.53
"491",490,808.12,804.59,811.37,3.25,3.53
"492",491,808.1,804.57,811.35,3.25,3.53
"493",492,808.08,804.55,811.33,3.25,3.53
"494",493,808.06,804.53,811.31,3.25,3.53
"495",494,808.04,804.51,811.29,3.25,3.53
"496",495,808.02,804.49,811.27,3.25,3.53
"497",496,808,804.47,811.25,3.25,3.53
"498",497,807.98,804.45,811.23,3.25,3.53
"499",498,807.96,804.37,811.15,3.18,3.59
"500",499,807.94,804.35,811.13,3.18,3.59
"501",500,807.92,804.33,811.11,3.18,3.59
"502",501,807.9,804.31,811.08,3.18,3.59
"503",502,807.88,804.3,811.06,3.18,3.59
"504",503,807.86,804.28,811.04,3.18,3.59
"505",504,807.84,804.26,811.02,3.18,3.59
"506",505,807.82,804.24,811,3.18,3.59
"507",506,807.8,804.22,810.98,3.18,3.59
"508",507,807.78,804.2,810.96,3.18,3.59
"509",508,807.76,804.18,810.94,3.18,3.58
"510",509,807.74,804.16,810.92,3.18,3.58
"511",510,807.72,804.14,810.9,3.18,3.58
"512",511,807.7,804.12,810.88,3.18,3.58
"513",512,807.68,804.1,810.86,3.18,3.58
"514",513,807.66,804.08,810.84,3.17,3.59
"515",514,807.64,804.06,810.81,3.17,3.59
"516",515,807.62,804.04,810.79,3.17,3.59
"517",516,807.6,804.02,810.77,3.17,3.59
"518",517,807.58,804,810.75,3.17,3.59
"519",518,807.56,803.98,810.73,3.17,3.59
"520",519,807.54,803.96,810.71,3.17,3.59
"521",520,807.52,803.94,810.7,3.17,3.58
"522",521,807.5,803.92,810.68,3.17,3.58
"523",522,807.48,803.9,810.66,3.17,3.58
"524",523,807.46,803.88,810.64,3.17,3.58
"525",524,807.44,803.86,810.62,3.17,3.58
"526",525,807.42,803.84,810.59,3.17,3.58
"527",526,807.4,803.82,810.57,3.17,3.58
"528",527,807.38,803.8,810.55,3.17,3.58
"529",528,807.36,803.78,810.53,3.17,3.58
"530",529,807.34,803.76,810.51,3.17,3.58
"531",530,807.32,803.74,810.49,3.17,3.58
"532",531,807.3,803.72,810.47,3.17,3.58
"533",532,807.28,803.7,810.45,3.17,3.58
"534",533,807.26,803.68,810.43,3.17,3.58
"535",534,807.24,803.66,810.41,3.17,3.58
"536",535,807.22,803.64,810.39,3.17,3.58
"537",536,807.2,803.62,810.37,3.17,3.58
"538",537,807.18,803.6,810.35,3.17,3.58
"539",538,807.16,803.58,810.33,3.17,3.58
"540",539,807.14,803.55,810.29,3.15,3.59
"541",540,807.12,803.53,810.27,3.15,3.59
"542",541,807.1,803.51,810.25,3.15,3.59
"543",542,807.08,803.49,810.23,3.15,3.59
"544",543,807.06,803.46,810.21,3.15,3.59
"545",544,807.04,803.44,810.19,3.15,3.59
"546",545,807.02,803.42,810.16,3.15,3.59
"547",546,807,803.4,810.14,3.15,3.59
"548",547,806.98,803.38,810.12,3.15,3.59
"549",548,806.96,803.36,810.1,3.15,3.59
"550",549,806.94,803.34,810.08,3.15,3.59
"551",550,806.92,803.32,810.06,3.15,3.59
"552",551,806.89,803.3,810.04,3.15,3.59
"553",552,806.87,803.28,810.02,3.15,3.59
"554",553,806.85,803.26,810,3.15,3.59
"555",554,806.83,803.26,810,3.17,3.57
"556",555,806.81,803.24,809.98,3.17,3.57
"557",556,806.79,803.2,809.94,3.15,3.59
"558",557,806.77,803.23,809.96,3.19,3.55
"559",558,806.75,803.2,809.94,3.19,3.55
"560",559,806.73,803.18,809.92,3.19,3.55
"561",560,806.71,803.16,809.89,3.19,3.54
"562",561,806.69,803.14,809.87,3.18,3.54
"563",562,806.67,803.12,809.85,3.18,3.54
"564",563,806.65,803.1,809.83,3.18,3.54
"565",564,806.63,803.08,809.81,3.18,3.54
"566",565,806.61,803.06,809.79,3.18,3.54
"567",566,806.58,803.05,809.77,3.19,3.54
"568",567,806.56,803.03,809.75,3.19,3.54
"569",568,806.54,803.01,809.73,3.18,3.54
"570",569,806.52,802.99,809.71,3.18,3.54
"571",570,806.5,802.97,809.68,3.18,3.54
"572",571,806.48,802.95,809.66,3.18,3.54
"573",572,806.46,802.93,809.64,3.18,3.53
"574",573,806.44,802.91,809.62,3.18,3.53
"575",574,806.42,802.89,809.6,3.18,3.53
"576",575,806.4,802.87,809.58,3.18,3.53
"577",576,806.38,802.85,809.56,3.18,3.53
"578",577,806.36,802.83,809.53,3.18,3.53
"579",578,806.34,802.81,809.51,3.18,3.53
"580",579,806.32,802.79,809.49,3.17,3.53
"581",580,806.3,802.77,809.47,3.17,3.53
"582",581,806.28,802.75,809.45,3.17,3.53
"583",582,806.26,802.73,809.43,3.18,3.53
"584",583,806.23,802.71,809.41,3.18,3.53
"585",584,806.21,802.69,809.39,3.17,3.52
"586",585,806.19,802.67,809.37,3.17,3.52
"587",586,806.17,802.65,809.35,3.17,3.52
"588",587,806.15,802.63,809.32,3.17,3.52
"589",588,806.13,802.61,809.3,3.17,3.52
"590",589,806.11,802.59,809.28,3.17,3.52
"591",590,806.09,802.57,809.26,3.17,3.52
"592",591,806.07,802.55,809.24,3.17,3.52
"593",592,806.05,802.53,809.22,3.17,3.52
"594",593,806.03,802.51,809.2,3.17,3.52
"595",594,806,802.49,809.18,3.17,3.52
"596",595,805.98,802.47,809.16,3.17,3.52
"597",596,805.96,802.45,809.14,3.17,3.51
"598",597,805.94,802.42,809.11,3.17,3.52
"599",598,805.92,802.4,809.09,3.17,3.52
"600",599,805.9,802.38,809.07,3.17,3.52
"601",600,805.88,802.36,809.05,3.17,3.52
"602",601,805.86,802.34,809.03,3.17,3.52
"603",602,805.84,802.32,809,3.17,3.52
"604",603,805.82,802.3,808.98,3.17,3.52
"605",604,805.8,802.28,808.96,3.17,3.51
"606",605,805.77,802.26,808.94,3.17,3.51
"607",606,805.75,802.24,808.92,3.17,3.51
"608",607,805.73,802.22,808.9,3.17,3.51
"609",608,805.71,802.2,808.88,3.17,3.51
"610",609,805.69,802.18,808.85,3.17,3.51
"611",610,805.67,802.15,808.83,3.17,3.51
"612",611,805.65,802.13,808.81,3.16,3.51
"613",612,805.63,802.11,808.79,3.16,3.51
"614",613,805.6,802.09,808.77,3.16,3.51
"615",614,805.58,802.07,808.75,3.16,3.51
"616",615,805.56,802.05,808.73,3.16,3.51
"617",616,805.54,802.03,808.71,3.16,3.51
"618",617,805.52,802.01,808.68,3.16,3.51
"619",618,805.5,801.99,808.66,3.16,3.51
"620",619,805.48,801.92,808.59,3.12,3.56
"621",620,805.46,801.9,808.57,3.12,3.56
"622",621,805.43,801.88,808.55,3.12,3.56
"623",622,805.41,801.86,808.53,3.12,3.56
"624",623,805.39,801.84,808.51,3.12,3.56
"625",624,805.37,801.82,808.49,3.12,3.55
"626",625,805.35,801.8,808.47,3.12,3.55
"627",626,805.33,801.77,808.45,3.12,3.55
"628",627,805.31,801.75,808.42,3.12,3.55
"629",628,805.29,801.73,808.4,3.12,3.55
"630",629,805.27,801.7,808.37,3.1,3.57
"631",630,805.24,801.68,808.34,3.1,3.56
"632",631,805.22,801.66,808.32,3.1,3.56
"633",632,805.2,801.64,808.3,3.1,3.56
"634",633,805.18,801.62,808.28,3.1,3.56
"635",634,805.16,801.6,808.26,3.1,3.56
"636",635,805.14,801.58,808.24,3.1,3.56
"637",636,805.12,801.56,808.22,3.1,3.56
"638",637,805.09,801.53,808.19,3.1,3.56
"639",638,805.07,801.51,808.17,3.1,3.56
"640",639,805.05,801.5,808.15,3.1,3.56
"641",640,805.03,801.47,808.13,3.1,3.56
"642",641,805.01,801.45,808.11,3.1,3.55
"643",642,804.99,801.43,808.09,3.1,3.55
"644",643,804.97,801.41,808.06,3.1,3.55
"645",644,804.95,801.39,808.04,3.1,3.55
"646",645,804.92,801.37,808.02,3.1,3.55
"647",646,804.9,801.35,808,3.1,3.55
"648",647,804.88,801.33,807.98,3.1,3.55
"649",648,804.86,801.31,807.96,3.1,3.55
"650",649,804.84,801.29,807.94,3.1,3.55
"651",650,804.82,801.27,807.92,3.1,3.55
"652",651,804.8,801.25,807.89,3.1,3.55
"653",652,804.77,801.23,807.87,3.1,3.55
"654",653,804.75,801.21,807.85,3.1,3.55
"655",654,804.73,801.18,807.83,3.1,3.55
"656",655,804.71,801.16,807.81,3.1,3.55
"657",656,804.69,801.14,807.78,3.1,3.55
"658",657,804.67,801.12,807.76,3.09,3.55
"659",658,804.64,801.1,807.74,3.09,3.55
"660",659,804.62,801.08,807.72,3.09,3.55
"661",660,804.6,801.06,807.69,3.09,3.55
"662",661,804.58,801.03,807.67,3.09,3.54
"663",662,804.56,801,807.63,3.08,3.56
"664",663,804.54,800.98,807.61,3.08,3.56
"665",664,804.51,800.95,807.59,3.07,3.56
"666",665,804.49,800.93,807.56,3.07,3.56
"667",666,804.47,800.91,807.54,3.07,3.56
"668",667,804.45,800.89,807.52,3.07,3.56
"669",668,804.43,800.87,807.5,3.08,3.55
"670",669,804.4,800.85,807.48,3.08,3.55
"671",670,804.38,800.83,807.46,3.08,3.55
"672",671,804.36,800.81,807.44,3.08,3.55
"673",672,804.34,800.79,807.42,3.08,3.55
"674",673,804.32,800.77,807.39,3.08,3.54
"675",674,804.3,800.75,807.37,3.08,3.54
"676",675,804.27,800.73,807.35,3.08,3.54
"677",676,804.25,800.71,807.33,3.07,3.54
"678",677,804.23,800.69,807.31,3.07,3.54
"679",678,804.21,800.67,807.28,3.07,3.54
"680",679,804.19,800.65,807.26,3.07,3.54
"681",680,804.17,800.63,807.24,3.07,3.54
"682",681,804.14,800.61,807.22,3.07,3.54
"683",682,804.12,800.58,807.19,3.07,3.54
"684",683,804.1,800.56,807.17,3.07,3.54
"685",684,804.08,800.54,807.15,3.07,3.54
"686",685,804.06,800.52,807.13,3.07,3.54
"687",686,804.03,800.5,807.11,3.07,3.54
"688",687,804.01,800.48,807.08,3.07,3.53
"689",688,803.99,800.46,807.06,3.07,3.53
"690",689,803.97,800.69,807.29,3.32,3.28
"691",690,803.95,800.66,807.26,3.32,3.28
"692",691,803.92,800.64,807.24,3.32,3.28
"693",692,803.9,800.62,807.22,3.32,3.28
"694",693,803.88,800.6,807.19,3.31,3.28
"695",694,803.86,800.58,807.17,3.31,3.28
"696",695,803.84,800.56,807.15,3.31,3.28
"697",696,803.81,800.54,807.13,3.31,3.28
"698",697,803.79,800.51,807.1,3.31,3.28
"699",698,803.77,800.49,807.08,3.31,3.28
"700",699,803.75,800.47,807.06,3.31,3.28
"701",700,803.73,800.45,807.04,3.31,3.28
"702",701,803.7,800.43,807.01,3.31,3.27
"703",702,803.68,800.41,806.99,3.31,3.27
"704",703,803.66,800.39,806.97,3.31,3.27
"705",704,803.64,800.36,806.95,3.31,3.27
"706",705,803.61,800.34,806.92,3.31,3.27
"707",706,803.59,800.32,806.9,3.31,3.27
"708",707,803.57,800.3,806.88,3.31,3.27
"709",708,803.55,800.28,806.86,3.31,3.27
"710",709,803.53,800.26,806.83,3.31,3.27
"711",710,803.5,800.23,806.81,3.31,3.27
"712",711,803.48,800.21,806.79,3.31,3.27
"713",712,803.46,800.19,806.77,3.31,3.27
"714",713,803.44,800.17,806.74,3.31,3.27
"715",714,803.41,800.15,806.72,3.31,3.27
"716",715,803.39,800.12,806.7,3.31,3.27
"717",716,803.37,800.1,806.68,3.31,3.27
"718",717,803.35,800.08,806.65,3.31,3.27
"719",718,803.33,800.06,806.63,3.31,3.27
"720",719,803.3,800.03,806.61,3.31,3.27
"721",720,803.28,800.01,806.59,3.31,3.27
"722",721,803.26,799.99,806.57,3.31,3.27
"723",722,803.24,799.97,806.54,3.31,3.27
"724",723,803.21,799.95,806.53,3.32,3.26
"725",724,803.19,799.93,806.51,3.31,3.26
"726",725,803.17,799.91,806.48,3.31,3.26
"727",726,803.15,799.89,806.46,3.31,3.26
"728",727,803.12,799.87,806.44,3.31,3.26
"729",728,803.1,799.84,806.41,3.31,3.26
"730",729,803.08,799.82,806.39,3.31,3.26
"731",730,803.06,799.8,806.37,3.31,3.26
"732",731,803.03,799.78,806.35,3.31,3.26
"733",732,803.01,799.76,806.32,3.31,3.26
"734",733,802.99,799.73,806.3,3.31,3.25
"735",734,802.97,799.71,806.28,3.31,3.25
"736",735,802.94,799.69,806.25,3.31,3.25
"737",736,802.92,799.67,806.23,3.31,3.25
"738",737,802.9,799.65,806.21,3.31,3.25
"739",738,802.88,799.62,806.19,3.31,3.25
"740",739,802.85,799.6,806.16,3.31,3.25
"741",740,802.83,799.58,806.14,3.31,3.25
"742",741,802.81,799.56,806.12,3.31,3.25
"743",742,802.78,799.54,806.09,3.31,3.25
"744",743,802.76,799.51,806.07,3.31,3.25
"745",744,802.74,799.49,806.05,3.31,3.25
"746",745,802.72,799.47,806.03,3.31,3.25
"747",746,802.69,799.45,806.01,3.31,3.24
"748",747,802.67,799.43,805.98,3.31,3.24
"749",748,802.65,799.4,805.96,3.31,3.24
"750",749,802.62,799.38,805.94,3.31,3.24
"751",750,802.6,799.36,805.91,3.31,3.24
"752",751,802.58,799.34,805.89,3.31,3.24
"753",752,802.56,799.32,805.87,3.31,3.24
"754",753,802.53,799.29,805.84,3.31,3.24
"755",754,802.51,799.27,805.82,3.31,3.24
"756",755,802.49,799.25,805.79,3.31,3.24
"757",756,802.47,799.23,805.77,3.31,3.24
"758",757,802.44,799.2,805.75,3.31,3.24
"759",758,802.42,799.18,805.72,3.31,3.24
"760",759,802.4,799.16,805.7,3.31,3.24
"761",760,802.37,799.14,805.68,3.31,3.24
"762",761,802.35,799.11,805.65,3.3,3.24
"763",762,802.33,799.09,805.63,3.3,3.24
"764",763,802.3,799.07,805.61,3.3,3.24
"765",764,802.28,799.05,805.58,3.3,3.24
"766",765,802.26,799.02,805.56,3.3,3.24
"767",766,802.24,799,805.54,3.3,3.24
"768",767,802.21,798.98,805.51,3.3,3.24
"769",768,802.19,798.96,805.49,3.3,3.24
"770",769,802.17,798.93,805.47,3.3,3.23
"771",770,802.14,798.91,805.44,3.3,3.23
"772",771,802.12,798.89,805.42,3.3,3.23
"773",772,802.1,798.65,805.18,3.09,3.45
"774",773,802.07,798.84,805.37,3.3,3.23
"775",774,802.05,798.76,805.3,3.24,3.29
"776",775,802.03,798.74,805.27,3.24,3.29
"777",776,802,798.72,805.25,3.25,3.28
"778",777,801.98,798.7,805.23,3.25,3.28
"779",778,801.96,798.68,805.2,3.25,3.28
"780",779,801.94,798.66,805.18,3.25,3.28
"781",780,801.91,798.63,805.16,3.24,3.28
"782",781,801.89,798.61,805.13,3.24,3.28
"783",782,801.87,798.59,805.11,3.24,3.28
"784",783,801.84,798.57,805.08,3.24,3.28
"785",784,801.82,798.54,805.06,3.24,3.28
"786",785,801.8,798.52,805.04,3.24,3.27
"787",786,801.77,798.5,805.01,3.24,3.27
"788",787,801.75,798.48,804.99,3.24,3.27
"789",788,801.73,798.45,804.97,3.24,3.27
"790",789,801.7,798.43,804.95,3.24,3.27
"791",790,801.68,798.41,804.92,3.24,3.27
"792",791,801.66,798.39,804.9,3.24,3.27
"793",792,801.63,798.36,804.87,3.23,3.28
"794",793,801.61,798.33,804.84,3.23,3.28
"795",794,801.59,798.31,804.82,3.23,3.28
"796",795,801.56,798.29,804.8,3.23,3.28
"797",796,801.54,798.27,804.77,3.23,3.27
"798",797,801.52,798.24,804.75,3.23,3.27
"799",798,801.49,798.22,804.72,3.23,3.27
"800",799,801.47,798.2,804.7,3.23,3.27
"801",800,801.45,798.17,804.67,3.23,3.27
"802",801,801.43,798.15,804.65,3.23,3.27
"803",802,801.4,798.13,804.63,3.22,3.27
"804",803,801.38,798.11,804.6,3.22,3.27
"805",804,801.35,798.08,804.58,3.22,3.27
"806",805,801.33,798.06,804.55,3.22,3.27
"807",806,801.31,798.04,804.53,3.22,3.27
"808",807,801.28,798.02,804.5,3.22,3.27
"809",808,801.26,797.99,804.48,3.22,3.27
"810",809,801.24,797.97,804.46,3.22,3.27
"811",810,801.21,797.95,804.43,3.22,3.27
"812",811,801.19,797.92,804.41,3.22,3.27
"813",812,801.17,797.9,804.38,3.22,3.27
"814",813,801.14,797.88,804.36,3.22,3.26
"815",814,801.12,797.85,804.33,3.21,3.26
"816",815,801.09,797.83,804.31,3.21,3.26
"817",816,801.07,797.81,804.28,3.21,3.26
"818",817,801.05,797.78,804.26,3.21,3.26
"819",818,801.02,797.76,804.24,3.21,3.26
"820",819,801,797.74,804.21,3.21,3.26
"821",820,800.97,797.71,804.19,3.21,3.26
"822",821,800.95,797.69,804.16,3.21,3.26
"823",822,800.93,797.66,804.14,3.21,3.26
"824",823,800.9,797.64,804.12,3.21,3.26
"825",824,800.88,797.62,804.09,3.21,3.26
"826",825,800.86,797.59,804.07,3.21,3.26
"827",826,800.83,797.52,803.99,3.16,3.32
"828",827,800.81,797.49,803.97,3.16,3.31
"829",828,800.78,797.47,803.94,3.16,3.31
"830",829,800.76,797.45,803.92,3.16,3.31
"831",830,800.74,797.42,803.89,3.16,3.31
"832",831,800.71,797.4,803.87,3.16,3.31
"833",832,800.69,797.38,803.85,3.16,3.31
"834",833,800.66,797.35,803.82,3.16,3.31
"835",834,800.64,797.33,803.8,3.16,3.31
"836",835,800.62,797.31,803.77,3.16,3.31
"837",836,800.59,797.28,803.75,3.16,3.31
"838",837,800.57,797.26,803.73,3.16,3.31
"839",838,800.54,797.24,803.7,3.16,3.31
"840",839,800.52,797.21,803.68,3.16,3.31
"841",840,800.5,797.19,803.65,3.16,3.31
"842",841,800.47,797.16,803.63,3.16,3.31
"843",842,800.45,797.14,803.6,3.16,3.31
"844",843,800.42,796.92,803.38,2.96,3.5
"845",844,800.4,797.1,803.56,3.16,3.3
"846",845,800.38,797.08,803.54,3.16,3.3
"847",846,800.35,797.05,803.51,3.16,3.3
"848",847,800.33,797.03,803.49,3.16,3.3
"849",848,800.3,797.01,803.46,3.16,3.3
"850",849,800.28,796.98,803.44,3.16,3.29
"851",850,800.25,796.96,803.41,3.16,3.29
"852",851,800.23,796.94,803.39,3.16,3.29
"853",852,800.21,796.91,803.36,3.16,3.29
"854",853,800.18,796.89,803.34,3.16,3.29
"855",854,800.16,796.87,803.31,3.16,3.29
"856",855,800.13,796.84,803.29,3.16,3.29
"857",856,800.11,796.82,803.27,3.16,3.29
"858",857,800.08,796.83,803.28,3.2,3.25
"859",858,800.06,796.81,803.25,3.2,3.25
"860",859,800.03,796.79,803.23,3.2,3.25
"861",860,800.01,796.76,803.21,3.2,3.25
"862",861,799.98,796.74,803.18,3.2,3.25
"863",862,799.96,796.71,803.16,3.2,3.25
"864",863,799.94,796.45,802.9,2.96,3.48
"865",864,799.91,796.43,802.87,2.96,3.48
"866",865,799.89,796.56,803,3.12,3.32
"867",866,799.86,796.54,802.98,3.12,3.32
"868",867,799.84,796.52,802.95,3.12,3.32
"869",868,799.81,796.49,802.93,3.11,3.32
"870",869,799.79,796.47,802.9,3.11,3.32
"871",870,799.76,796.45,802.88,3.11,3.32
"872",871,799.74,796.42,802.85,3.11,3.31
"873",872,799.71,796.4,802.83,3.11,3.31
"874",873,799.69,796.38,802.8,3.11,3.31
"875",874,799.66,796.35,802.78,3.11,3.31
"876",875,799.64,796.33,802.75,3.11,3.31
"877",876,799.62,796.31,802.73,3.11,3.31
"878",877,799.59,796.28,802.7,3.11,3.31
"879",878,799.57,796.26,802.68,3.11,3.31
"880",879,799.54,796.24,802.65,3.11,3.31
"881",880,799.52,796.21,802.63,3.11,3.3
"882",881,799.49,796.19,802.6,3.11,3.3
"883",882,799.47,796.16,802.58,3.11,3.3
"884",883,799.44,796.14,802.55,3.11,3.3
"885",884,799.42,796.12,802.53,3.11,3.3
"886",885,799.39,796.09,802.5,3.11,3.3
"887",886,799.37,796.07,802.48,3.11,3.3
"888",887,799.35,796.05,802.45,3.1,3.3
"889",888,799.32,796.02,802.42,3.1,3.3
"890",889,799.3,796,802.4,3.1,3.3
"891",890,799.27,795.97,802.37,3.1,3.3
"892",891,799.25,795.95,802.35,3.1,3.3
"893",892,799.22,795.92,802.32,3.1,3.3
"894",893,799.2,795.9,802.3,3.1,3.3
"895",894,799.17,795.87,802.27,3.1,3.3
"896",895,799.15,795.85,802.25,3.1,3.3
"897",896,799.12,795.83,802.22,3.1,3.3
"898",897,799.1,795.8,802.2,3.1,3.3
"899",898,799.07,795.78,802.17,3.1,3.3
"900",899,799.05,795.75,802.14,3.1,3.3
"901",900,799.02,795.73,802.12,3.1,3.3
"902",901,799,795.7,802.09,3.09,3.3
"903",902,798.97,795.68,802.07,3.09,3.3
"904",903,798.95,795.65,802.04,3.09,3.3
"905",904,798.92,795.63,802.02,3.09,3.3
"906",905,798.9,795.6,801.99,3.09,3.3
"907",906,798.87,795.57,801.96,3.09,3.3
"908",907,798.85,795.55,801.93,3.09,3.3
"909",908,798.82,795.53,801.91,3.09,3.3
"910",909,798.8,795.5,801.88,3.09,3.3
"911",910,798.77,795.48,801.86,3.09,3.3
"912",911,798.75,795.45,801.83,3.09,3.3
"913",912,798.72,795.43,801.81,3.09,3.29
"914",913,798.7,795.41,801.79,3.09,3.29
"915",914,798.67,795.38,801.76,3.09,3.29
"916",915,798.65,795.36,801.73,3.09,3.29
"917",916,798.62,795.33,801.71,3.09,3.29
"918",917,798.6,795.31,801.69,3.09,3.29
"919",918,798.57,795.29,801.66,3.09,3.29
"920",919,798.55,795.13,801.5,2.95,3.42
"921",920,798.52,795.1,801.47,2.95,3.42
"922",921,798.5,795.05,801.42,2.92,3.45
"923",922,798.47,795.02,801.4,2.92,3.45
"924",923,798.45,795,801.37,2.92,3.45
"925",924,798.42,795.15,801.52,3.1,3.27
"926",925,798.39,795.12,801.48,3.09,3.28
"927",926,798.37,794.91,801.28,2.91,3.45
"928",927,798.34,794.89,801.25,2.91,3.45
"929",928,798.32,794.86,801.23,2.91,3.45
"930",929,798.29,794.84,801.2,2.91,3.45
"931",930,798.27,794.81,801.17,2.91,3.45
"932",931,798.24,794.79,801.15,2.91,3.45
"933",932,798.22,794.76,801.12,2.9,3.45
"934",933,798.19,794.74,801.09,2.9,3.45
"935",934,798.16,794.71,801.07,2.9,3.45
"936",935,798.14,794.69,801.04,2.9,3.45
"937",936,798.11,794.66,801.02,2.9,3.45
"938",937,798.09,794.64,800.99,2.9,3.45
"939",938,798.06,794.61,800.96,2.9,3.45
"940",939,798.04,794.59,800.94,2.9,3.44
"941",940,798.01,794.57,800.91,2.9,3.44
"942",941,797.98,794.54,800.89,2.9,3.44
"943",942,797.96,794.52,800.86,2.9,3.44
"944",943,797.93,794.49,800.83,2.9,3.44
"945",944,797.91,794.47,800.81,2.9,3.44
"946",945,797.88,794.44,800.78,2.9,3.44
"947",946,797.86,794.42,800.75,2.9,3.44
"948",947,797.83,794.39,800.73,2.9,3.44
"949",948,797.81,794.37,800.7,2.9,3.44
"950",949,797.78,794.34,800.68,2.9,3.44
"951",950,797.75,794.32,800.65,2.89,3.44
"952",951,797.73,794.29,800.62,2.89,3.44
"953",952,797.7,794.26,800.59,2.89,3.44
"954",953,797.67,794.24,800.57,2.89,3.44
"955",954,797.65,794.21,800.54,2.89,3.44
"956",955,797.62,794.19,800.51,2.89,3.44
"957",956,797.6,794.16,800.48,2.89,3.43
"958",957,797.57,794.13,800.45,2.88,3.44
"959",958,797.54,794.11,800.42,2.88,3.44
"960",959,797.52,794.08,800.4,2.88,3.44
"961",960,797.49,794.05,800.37,2.88,3.44
"962",961,797.47,794.03,800.35,2.88,3.43
"963",962,797.44,794.01,800.32,2.88,3.43
"964",963,797.41,793.98,800.29,2.88,3.43
"965",964,797.39,793.96,800.27,2.88,3.43
"966",965,797.36,793.93,800.24,2.88,3.43
"967",966,797.34,793.91,800.22,2.88,3.43
"968",967,797.31,793.88,800.19,2.88,3.43
"969",968,797.28,793.85,800.16,2.88,3.43
"970",969,797.26,793.83,800.13,2.88,3.43
"971",970,797.23,793.8,800.11,2.88,3.43
"972",971,797.2,793.77,800.08,2.87,3.43
"973",972,797.18,793.75,800.05,2.87,3.43
"974",973,797.15,793.72,800.02,2.87,3.43
"975",974,797.13,793.7,800,2.87,3.43
"976",975,797.1,793.67,799.97,2.87,3.43
"977",976,797.07,793.64,799.94,2.87,3.43
"978",977,797.05,793.62,799.92,2.87,3.43
"979",978,797.02,793.59,799.89,2.87,3.43
"980",979,796.99,793.57,799.86,2.87,3.43
"981",980,796.97,793.53,799.83,2.86,3.43
"982",981,796.94,793.51,799.8,2.86,3.43
"983",982,796.91,793.48,799.78,2.86,3.43
"984",983,796.89,793.46,799.75,2.86,3.43
"985",984,796.86,793.43,799.73,2.87,3.43
"986",985,796.83,793.41,799.7,2.87,3.43
"987",986,796.81,793.38,799.67,2.87,3.42
"988",987,796.78,793.36,799.65,2.87,3.42
"989",988,796.75,793.33,799.62,2.87,3.42
"990",989,796.73,793.3,799.59,2.87,3.42
"991",990,796.7,793.29,799.57,2.87,3.42
"992",991,796.67,793.26,799.55,2.87,3.41
"993",992,796.65,793.23,799.52,2.87,3.41
"994",993,796.62,793.21,799.49,2.87,3.41
"995",994,796.59,793.18,799.47,2.87,3.41
"996",995,796.57,793.16,799.44,2.87,3.41
"997",996,796.54,793.13,799.41,2.87,3.41
"998",997,796.52,793.08,799.36,2.84,3.44
"999",998,796.49,793.05,799.33,2.84,3.44
"1000",999,796.46,793.03,799.31,2.84,3.44
"1001",1000,796.44,793,799.28,2.84,3.44
"1002",1001,796.41,792.97,799.25,2.84,3.43
"1003",1002,796.38,792.95,799.22,2.84,3.43
"1004",1003,796.35,792.92,799.2,2.84,3.43
"1005",1004,796.33,792.9,799.17,2.84,3.43
"1006",1005,796.3,793.11,799.38,3.08,3.19
"1007",1006,796.27,793.08,799.35,3.08,3.19
"1008",1007,796.25,793.06,799.33,3.08,3.19
"1009",1008,796.22,793.03,799.3,3.08,3.19
"1010",1009,796.19,793.01,799.27,3.08,3.19
"1011",1010,796.17,792.98,799.24,3.08,3.19
"1012",1011,796.14,792.95,799.22,3.08,3.19
"1013",1012,796.11,792.93,799.19,3.08,3.18
"1014",1013,796.09,792.9,799.16,3.08,3.18
"1015",1014,796.06,792.88,799.14,3.08,3.18
"1016",1015,796.03,792.84,799.1,3.07,3.19
"1017",1016,796,792.82,799.08,3.07,3.18
"1018",1017,795.98,792.79,799.05,3.07,3.18
"1019",1018,795.95,792.77,799.02,3.07,3.18
"1020",1019,795.92,792.74,798.99,3.07,3.18
"1021",1020,795.9,792.71,798.97,3.07,3.19
"1022",1021,795.87,792.68,798.93,3.06,3.19
"1023",1022,795.84,792.65,798.9,3.06,3.19
"1024",1023,795.81,792.63,798.88,3.06,3.19
"1025",1024,795.79,792.6,798.85,3.06,3.19
"1026",1025,795.76,792.43,798.69,2.92,3.33
"1027",1026,795.73,792.41,798.66,2.92,3.32
"1028",1027,795.71,792.38,798.63,2.92,3.32
"1029",1028,795.68,792.35,798.6,2.92,3.32
"1030",1029,795.65,792.33,798.57,2.92,3.32
"1031",1030,795.62,792.3,798.54,2.92,3.32
"1032",1031,795.6,792.27,798.52,2.92,3.32
"1033",1032,795.57,792.25,798.49,2.92,3.32
"1034",1033,795.54,792.22,798.46,2.92,3.32
"1035",1034,795.51,792.11,798.35,2.84,3.41
"1036",1035,795.49,792.33,798.57,3.08,3.16
"1037",1036,795.46,792.3,798.54,3.08,3.16
"1038",1037,795.43,792.27,798.51,3.08,3.16
"1039",1038,795.4,792.25,798.48,3.08,3.16
"1040",1039,795.37,792.22,798.45,3.08,3.16
"1041",1040,795.35,791.93,798.17,2.82,3.41
"1042",1041,795.32,791.91,798.14,2.82,3.41
"1043",1042,795.29,791.88,798.11,2.82,3.41
"1044",1043,795.26,792.1,798.33,3.07,3.16
"1045",1044,795.24,792.07,798.3,3.07,3.16
"1046",1045,795.21,792.05,798.28,3.07,3.16
"1047",1046,795.18,791.78,798.01,2.83,3.4
"1048",1047,795.15,791.75,797.98,2.82,3.4
"1049",1048,795.13,791.72,797.95,2.82,3.4
"1050",1049,795.1,791.7,797.92,2.82,3.4
"1051",1050,795.07,791.67,797.89,2.82,3.4
"1052",1051,795.04,791.64,797.87,2.82,3.4
"1053",1052,795.01,791.62,797.84,2.82,3.4
"1054",1053,794.99,791.59,797.81,2.82,3.4
"1055",1054,794.96,791.8,798.02,3.06,3.16
"1056",1055,794.93,791.77,797.98,3.05,3.16
"1057",1056,794.9,791.74,797.95,3.05,3.16
"1058",1057,794.88,791.71,797.93,3.05,3.16
"1059",1058,794.85,791.68,797.9,3.05,3.16
"1060",1059,794.82,791.66,797.87,3.05,3.16
"1061",1060,794.79,791.63,797.84,3.05,3.16
"1062",1061,794.76,791.6,797.81,3.04,3.16
"1063",1062,794.73,791.57,797.78,3.04,3.16
"1064",1063,794.71,791.54,797.75,3.04,3.16
"1065",1064,794.68,791.52,797.72,3.04,3.16
"1066",1065,794.65,791.49,797.69,3.04,3.16
"1067",1066,794.62,791.5,797.7,3.08,3.13
"1068",1067,794.59,791.43,797.64,3.04,3.16
"1069",1068,794.57,791.41,797.61,3.04,3.16
"1070",1069,794.54,791.38,797.58,3.04,3.16
"1071",1070,794.51,791.35,797.55,3.04,3.16
"1072",1071,794.48,791.33,797.53,3.04,3.15
"1073",1072,794.45,791.3,797.5,3.04,3.15
"1074",1073,794.42,791.27,797.47,3.04,3.15
"1075",1074,794.4,791.24,797.43,3.04,3.15
"1076",1075,794.37,791.22,797.41,3.04,3.15
"1077",1076,794.34,791.19,797.38,3.04,3.15
"1078",1077,794.31,791.16,797.35,3.04,3.15
"1079",1078,794.28,791.13,797.32,3.04,3.15
"1080",1079,794.26,791.14,797.33,3.08,3.11
"1081",1080,794.23,791.08,797.27,3.04,3.15
"1082",1081,794.2,791.05,797.24,3.04,3.14
"1083",1082,794.17,791.03,797.21,3.04,3.14
"1084",1083,794.14,791,797.18,3.04,3.14
"1085",1084,794.11,790.97,797.15,3.04,3.14
"1086",1085,794.08,790.94,797.12,3.04,3.14
"1087",1086,794.06,790.91,797.1,3.04,3.14
"1088",1087,794.03,790.89,797.07,3.04,3.14
"1089",1088,794,790.86,797.04,3.04,3.14
"1090",1089,793.97,790.83,797.01,3.04,3.14
"1091",1090,793.94,790.81,796.98,3.04,3.14
"1092",1091,793.92,790.78,796.96,3.04,3.14
"1093",1092,793.89,790.75,796.93,3.04,3.14
"1094",1093,793.86,790.72,796.9,3.04,3.13
"1095",1094,793.83,790.69,796.86,3.03,3.14
"1096",1095,793.8,790.66,796.83,3.03,3.14
"1097",1096,793.77,790.64,796.81,3.03,3.13
"1098",1097,793.74,790.61,796.78,3.03,3.13
"1099",1098,793.71,790.58,796.75,3.03,3.13
"1100",1099,793.69,790.55,796.72,3.03,3.13
"1101",1100,793.66,790.53,796.69,3.03,3.13
"1102",1101,793.63,790.5,796.66,3.03,3.13
"1103",1102,793.6,790.47,796.63,3.03,3.13
"1104",1103,793.57,790.44,796.6,3.03,3.13
"1105",1104,793.54,790.41,796.57,3.03,3.13
"1106",1105,793.51,790.38,796.54,3.03,3.13
"1107",1106,793.49,790.36,796.52,3.04,3.12
"1108",1107,793.46,790.33,796.49,3.04,3.12
"1109",1108,793.43,790.31,796.46,3.03,3.12
"1110",1109,793.4,790.28,796.43,3.03,3.12
"1111",1110,793.37,790.25,796.4,3.03,3.12
"1112",1111,793.34,790.22,796.37,3.03,3.12
"1113",1112,793.31,790.19,796.34,3.03,3.12
"1114",1113,793.28,790.1,796.25,2.97,3.18
"1115",1114,793.25,790.07,796.22,2.97,3.18
"1116",1115,793.22,790.04,796.19,2.96,3.18
"1117",1116,793.2,790.01,796.16,2.96,3.18
"1118",1117,793.17,789.98,796.13,2.96,3.18
"1119",1118,793.14,789.96,796.1,2.96,3.18
"1120",1119,793.11,789.93,796.07,2.96,3.18
"1121",1120,793.08,789.9,796.04,2.96,3.18
"1122",1121,793.05,789.87,796.01,2.96,3.18
"1123",1122,793.02,789.84,795.98,2.96,3.18
"1124",1123,792.99,789.81,795.95,2.96,3.18
"1125",1124,792.96,789.79,795.92,2.96,3.17
"1126",1125,792.93,789.76,795.89,2.96,3.17
"1127",1126,792.9,789.73,795.86,2.96,3.17
"1128",1127,792.87,789.7,795.83,2.96,3.17
"1129",1128,792.84,789.67,795.8,2.95,3.17
"1130",1129,792.81,789.65,795.77,2.95,3.17
"1131",1130,792.78,789.62,795.74,2.95,3.17
"1132",1131,792.75,789.59,795.71,2.95,3.17
"1133",1132,792.72,789.56,795.68,2.95,3.16
"1134",1133,792.7,789.53,795.65,2.95,3.16
"1135",1134,792.67,789.5,795.62,2.95,3.16
"1136",1135,792.64,789.48,795.6,2.96,3.15
"1137",1136,792.61,789.45,795.57,2.96,3.15
"1138",1137,792.58,789.42,795.54,2.96,3.15
"1139",1138,792.55,789.4,795.51,2.96,3.15
"1140",1139,792.52,789.37,795.48,2.96,3.15
"1141",1140,792.49,789.34,795.45,2.96,3.15
"1142",1141,792.46,789.31,795.42,2.96,3.15
"1143",1142,792.43,789.28,795.39,2.96,3.15
"1144",1143,792.4,789.25,795.36,2.96,3.15
"1145",1144,792.37,789.25,795.35,2.98,3.12
"1146",1145,792.34,789.21,795.31,2.97,3.13
"1147",1146,792.31,789.18,795.28,2.97,3.13
"1148",1147,792.28,789.15,795.25,2.97,3.13
"1149",1148,792.25,789.12,795.22,2.97,3.13
"1150",1149,792.22,789.11,795.2,2.98,3.11
"1151",1150,792.19,789.08,795.17,2.98,3.11
"1152",1151,792.16,789.03,795.13,2.97,3.13
"1153",1152,792.13,789.01,795.1,2.97,3.13
"1154",1153,792.1,788.98,795.07,2.97,3.13
"1155",1154,792.07,788.95,795.04,2.97,3.12
"1156",1155,792.04,788.92,795.01,2.97,3.12
"1157",1156,792.01,788.89,794.98,2.97,3.12
"1158",1157,791.98,788.86,794.95,2.96,3.12
"1159",1158,791.95,788.84,794.92,2.97,3.11
"1160",1159,791.92,788.81,794.89,2.97,3.11
"1161",1160,791.89,788.77,794.85,2.96,3.12
"1162",1161,791.86,788.74,794.82,2.96,3.12
"1163",1162,791.83,788.71,794.79,2.96,3.12
"1164",1163,791.8,788.68,794.76,2.96,3.12
"1165",1164,791.77,788.65,794.73,2.96,3.11
"1166",1165,791.74,788.62,794.7,2.96,3.11
"1167",1166,791.71,788.59,794.67,2.96,3.11
"1168",1167,791.68,788.55,794.62,2.95,3.12
"1169",1168,791.65,788.53,794.59,2.95,3.12
"1170",1169,791.62,788.5,794.56,2.94,3.12
"1171",1170,791.59,788.47,794.53,2.95,3.12
"1172",1171,791.56,788.44,794.5,2.94,3.12
"1173",1172,791.53,788.41,794.47,2.94,3.12
"1174",1173,791.5,788.38,794.44,2.94,3.12
"1175",1174,791.47,788.35,794.41,2.94,3.12
"1176",1175,791.44,788.32,794.37,2.94,3.12
"1177",1176,791.41,788.28,794.34,2.94,3.12
"1178",1177,791.38,788.25,794.31,2.93,3.12
"1179",1178,791.34,788.22,794.28,2.93,3.12
"1180",1179,791.31,788.19,794.25,2.93,3.12
"1181",1180,791.28,788.16,794.22,2.93,3.12
"1182",1181,791.25,788.13,794.18,2.93,3.12
"1183",1182,791.22,788.1,794.15,2.93,3.12
"1184",1183,791.19,788.07,794.12,2.93,3.12
"1185",1184,791.16,788.04,794.09,2.93,3.12
"1186",1185,791.13,788.01,794.06,2.93,3.12
"1187",1186,791.1,787.98,794.03,2.93,3.12
"1188",1187,791.07,787.95,794,2.93,3.12
"1189",1188,791.04,787.92,793.96,2.93,3.12
"1190",1189,791.01,787.89,793.93,2.93,3.11
"1191",1190,790.98,787.86,793.9,2.92,3.11
"1192",1191,790.95,787.83,793.87,2.92,3.11
"1193",1192,790.91,787.8,793.84,2.92,3.11
"1194",1193,790.88,787.77,793.81,2.92,3.11
"1195",1194,790.85,787.74,793.78,2.92,3.11
"1196",1195,790.82,787.71,793.74,2.92,3.11
"1197",1196,790.79,787.68,793.71,2.92,3.11
"1198",1197,790.76,787.65,793.68,2.92,3.11
"1199",1198,790.73,787.62,793.65,2.92,3.11
"1200",1199,790.7,787.59,793.62,2.91,3.11
"1201",1200,790.67,787.56,793.58,2.91,3.11
"1202",1201,790.64,787.53,793.55,2.91,3.11
"1203",1202,790.61,787.5,793.52,2.91,3.11
"1204",1203,790.58,787.47,793.49,2.91,3.11
"1205",1204,790.55,787.44,793.46,2.91,3.11
"1206",1205,790.51,787.41,793.42,2.91,3.11
"1207",1206,790.48,787.37,793.39,2.91,3.11
"1208",1207,790.45,787.4,793.42,2.96,3.05
"1209",1208,790.42,787.37,793.38,2.96,3.05
"1210",1209,790.39,787.34,793.35,2.96,3.05
"1211",1210,790.36,787.31,793.32,2.96,3.05
"1212",1211,790.33,787.28,793.29,2.96,3.05
"1213",1212,790.29,787.22,793.24,2.94,3.07
"1214",1213,790.26,787.19,793.2,2.94,3.07
"1215",1214,790.23,787.16,793.17,2.94,3.07
"1216",1215,790.2,787.15,793.16,2.96,3.05
"1217",1216,790.17,787.12,793.12,2.96,3.05
"1218",1217,790.14,787.09,793.09,2.95,3.05
"1219",1218,790.1,787.06,793.06,2.95,3.05
"1220",1219,790.07,787.02,793.02,2.95,3.05
"1221",1220,790.04,786.97,792.96,2.92,3.07
"1222",1221,790.01,786.93,792.93,2.92,3.07
"1223",1222,789.98,786.9,792.9,2.92,3.08
"1224",1223,789.95,786.87,792.86,2.92,3.07
"1225",1224,789.91,786.84,792.83,2.92,3.07
"1226",1225,789.88,786.81,792.79,2.91,3.08
"1227",1226,789.85,786.78,792.76,2.91,3.08
"1228",1227,789.82,786.75,792.73,2.91,3.07
"1229",1228,789.79,786.71,792.7,2.91,3.07
"1230",1229,789.76,786.69,792.67,2.91,3.07
"1231",1230,789.72,786.66,792.63,2.91,3.07
"1232",1231,789.69,786.63,792.6,2.91,3.07
"1233",1232,789.66,786.59,792.57,2.9,3.07
"1234",1233,789.63,786.56,792.53,2.9,3.07
"1235",1234,789.6,786.53,792.5,2.9,3.07
"1236",1235,789.57,786.5,792.47,2.9,3.06
"1237",1236,789.53,786.47,792.43,2.9,3.06
"1238",1237,789.5,786.44,792.4,2.9,3.06
"1239",1238,789.47,786.41,792.37,2.9,3.06
"1240",1239,789.44,786.38,792.33,2.9,3.06
"1241",1240,789.41,786.34,792.3,2.9,3.06
"1242",1241,789.37,786.31,792.27,2.9,3.06
"1243",1242,789.34,786.28,792.24,2.9,3.06
"1244",1243,789.31,786.25,792.21,2.9,3.06
"1245",1244,789.28,786.22,792.18,2.9,3.06
"1246",1245,789.24,786.18,792.14,2.89,3.06
"1247",1246,789.21,786.15,792.1,2.89,3.06
"1248",1247,789.18,786.12,792.07,2.89,3.06
"1249",1248,789.15,786.09,792.04,2.9,3.06
"1250",1249,789.11,786.06,792.01,2.9,3.06
"1251",1250,789.08,786.02,791.98,2.9,3.06
"1252",1251,789.05,785.99,791.95,2.9,3.06
"1253",1252,789.01,785.96,791.91,2.9,3.05
"1254",1253,788.98,785.93,791.88,2.9,3.05
"1255",1254,788.95,785.9,791.85,2.9,3.05
"1256",1255,788.92,785.86,791.81,2.9,3.05
"1257",1256,788.88,785.83,791.78,2.89,3.05
"1258",1257,788.85,785.79,791.74,2.88,3.06
"1259",1258,788.82,785.76,791.7,2.88,3.06
"1260",1259,788.79,785.73,791.67,2.89,3.06
"1261",1260,788.75,785.7,791.64,2.89,3.06
"1262",1261,788.72,785.66,791.61,2.88,3.06
"1263",1262,788.69,785.63,791.57,2.88,3.06
"1264",1263,788.66,785.6,791.55,2.89,3.05
"1265",1264,788.62,785.5,791.44,2.81,3.13
"1266",1265,788.59,785.48,791.42,2.83,3.11
"1267",1266,788.56,785.45,791.38,2.82,3.11
"1268",1267,788.53,785.42,791.35,2.82,3.11
"1269",1268,788.49,785.39,791.32,2.82,3.11
"1270",1269,788.46,785.35,791.28,2.82,3.11
"1271",1270,788.43,785.31,791.24,2.81,3.12
"1272",1271,788.4,785.28,791.21,2.81,3.12
"1273",1272,788.36,785.25,791.17,2.81,3.11
"1274",1273,788.33,785.23,791.16,2.82,3.1
"1275",1274,788.3,785.2,791.12,2.82,3.1
"1276",1275,788.26,785.17,791.09,2.82,3.1
"1277",1276,788.23,785.14,791.05,2.82,3.1
"1278",1277,788.2,785.1,791.02,2.82,3.09
"1279",1278,788.17,785.07,790.99,2.82,3.09
"1280",1279,788.13,785.01,790.93,2.79,3.12
"1281",1280,788.1,784.97,790.88,2.78,3.13
"1282",1281,788.07,784.94,790.85,2.78,3.13
"1283",1282,788.03,784.91,790.81,2.78,3.13
"1284",1283,788,784.87,790.78,2.78,3.12
"1285",1284,787.97,784.84,790.75,2.78,3.12
"1286",1285,787.93,784.81,790.71,2.78,3.12
"1287",1286,787.9,784.78,790.68,2.78,3.12
"1288",1287,787.87,784.75,790.65,2.78,3.12
"1289",1288,787.83,784.72,790.61,2.78,3.12
"1290",1289,787.8,784.69,790.58,2.78,3.11
"1291",1290,787.77,784.66,790.55,2.78,3.11
"1292",1291,787.73,784.62,790.51,2.78,3.11
"1293",1292,787.7,784.59,790.48,2.78,3.11
"1294",1293,787.67,784.56,790.45,2.78,3.11
"1295",1294,787.63,784.52,790.41,2.78,3.11
"1296",1295,787.6,784.49,790.38,2.78,3.11
"1297",1296,787.57,784.44,790.33,2.76,3.13
"1298",1297,787.53,784.41,790.3,2.76,3.12
"1299",1298,787.5,784.38,790.26,2.76,3.12
"1300",1299,787.47,784.35,790.23,2.76,3.12
"1301",1300,787.43,784.32,790.19,2.76,3.12
"1302",1301,787.4,784.28,790.16,2.76,3.12
"1303",1302,787.36,784.25,790.13,2.76,3.12
"1304",1303,787.33,784.22,790.1,2.77,3.11
"1305",1304,787.3,784.16,790.03,2.73,3.14
"1306",1305,787.26,784.12,790,2.73,3.14
"1307",1306,787.23,784.09,789.96,2.73,3.14
"1308",1307,787.2,784.05,789.93,2.73,3.15
"1309",1308,787.16,784.02,789.89,2.73,3.15
"1310",1309,787.13,784.03,789.9,2.77,3.1
"1311",1310,787.1,784,789.87,2.77,3.1
"1312",1311,787.06,783.95,789.82,2.76,3.11
"1313",1312,787.03,783.92,789.79,2.76,3.11
"1314",1313,787,783.89,789.75,2.76,3.11
"1315",1314,786.96,783.85,789.72,2.76,3.11
"1316",1315,786.93,783.82,789.68,2.75,3.11
"1317",1316,786.89,783.78,789.65,2.75,3.11
"1318",1317,786.86,783.75,789.61,2.75,3.11
"1319",1318,786.82,783.72,789.58,2.75,3.11
"1320",1319,786.79,783.68,789.54,2.75,3.11
"1321",1320,786.76,783.65,789.51,2.75,3.11
"1322",1321,786.72,783.62,789.47,2.75,3.11
"1323",1322,786.69,783.58,789.44,2.75,3.1
"1324",1323,786.65,783.55,789.4,2.75,3.1
"1325",1324,786.62,783.52,789.37,2.75,3.1
"1326",1325,786.59,783.49,789.34,2.75,3.1
"1327",1326,786.55,783.46,789.3,2.75,3.1
"1328",1327,786.52,783.42,789.26,2.75,3.1
"1329",1328,786.48,783.38,789.23,2.75,3.1
"1330",1329,786.45,783.35,789.2,2.75,3.09
"1331",1330,786.41,783.32,789.17,2.75,3.09
"1332",1331,786.38,783.28,789.12,2.74,3.1
"1333",1332,786.34,783.17,789.01,2.67,3.17
"1334",1333,786.31,783.14,788.98,2.67,3.17
"1335",1334,786.27,783.19,789.03,2.76,3.09
"1336",1335,786.24,783.15,788.99,2.76,3.09
"1337",1336,786.2,783.18,789.02,2.82,3.02
"1338",1337,786.17,783.15,788.99,2.82,3.02
"1339",1338,786.13,783.1,788.93,2.8,3.03
"1340",1339,786.1,783.06,788.9,2.8,3.03
"1341",1340,786.06,783.03,788.86,2.8,3.03
"1342",1341,786.03,783,788.82,2.8,3.03
"1343",1342,785.99,782.96,788.79,2.8,3.03
"1344",1343,785.96,782.93,788.75,2.79,3.03
"1345",1344,785.92,782.89,788.71,2.79,3.03
"1346",1345,785.89,782.86,788.68,2.79,3.03
"1347",1346,785.85,782.83,788.64,2.79,3.03
"1348",1347,785.82,782.79,788.61,2.79,3.02
"1349",1348,785.78,782.76,788.57,2.79,3.02
"1350",1349,785.75,782.72,788.53,2.79,3.02
"1351",1350,785.71,782.69,788.5,2.79,3.02
"1352",1351,785.68,782.66,788.46,2.79,3.02
"1353",1352,785.64,782.62,788.43,2.79,3.02
"1354",1353,785.6,782.59,788.39,2.79,3.01
"1355",1354,785.57,782.56,788.37,2.8,3
"1356",1355,785.53,782.53,788.33,2.8,3
"1357",1356,785.5,782.49,788.29,2.79,3.01
"1358",1357,785.46,782.45,788.25,2.79,3.01
"1359",1358,785.43,782.41,788.21,2.78,3.01
"1360",1359,785.39,782.38,788.17,2.78,3.01
"1361",1360,785.35,782.35,788.13,2.78,3.01
"1362",1361,785.32,782.31,788.1,2.78,3.01
"1363",1362,785.28,782.27,788.06,2.78,3.01
"1364",1363,785.25,782.24,788.03,2.78,3.01
"1365",1364,785.21,782.21,787.99,2.78,3
"1366",1365,785.18,782.17,787.95,2.78,3
"1367",1366,785.14,782.14,787.91,2.77,3
"1368",1367,785.1,782.1,787.88,2.77,3
"1369",1368,785.07,782.06,787.84,2.77,3
"1370",1369,785.03,782.03,787.81,2.77,3
"1371",1370,785,781.99,787.77,2.77,3
"1372",1371,784.96,781.95,787.73,2.77,3.01
"1373",1372,784.92,781.92,787.69,2.77,3
"1374",1373,784.89,781.88,787.66,2.77,3
"1375",1374,784.85,781.85,787.62,2.77,3
"1376",1375,784.81,781.81,787.58,2.77,3
"1377",1376,784.78,781.78,787.55,2.77,3
"1378",1377,784.74,781.74,787.51,2.77,3
"1379",1378,784.71,781.7,787.47,2.76,3
"1380",1379,784.67,781.68,787.45,2.78,2.99
"1381",1380,784.63,781.65,787.41,2.78,2.99
"1382",1381,784.6,781.6,787.37,2.77,3
"1383",1382,784.56,781.57,787.34,2.77,2.99
"1384",1383,784.53,781.54,787.3,2.77,2.99
"1385",1384,784.49,781.5,787.26,2.77,2.99
"1386",1385,784.45,781.46,787.22,2.77,2.99
"1387",1386,784.42,781.43,787.19,2.77,2.99
"1388",1387,784.38,781.38,787.14,2.76,3
"1389",1388,784.34,781.35,787.11,2.76,2.99
"1390",1389,784.31,781.32,787.07,2.77,2.99
"1391",1390,784.27,781.28,787.04,2.76,2.99
"1392",1391,784.23,781.25,787,2.76,2.99
"1393",1392,784.2,781.22,786.97,2.77,2.98
"1394",1393,784.16,781.18,786.93,2.77,2.98
"1395",1394,784.12,781.15,786.89,2.77,2.97
"1396",1395,784.09,781.11,786.86,2.77,2.97
"1397",1396,784.05,781.08,786.82,2.77,2.97
"1398",1397,784.01,781.04,786.78,2.77,2.97
"1399",1398,783.97,781.01,786.74,2.77,2.96
"1400",1399,783.94,780.97,786.71,2.77,2.96
"1401",1400,783.9,780.93,786.67,2.77,2.97
"1402",1401,783.86,780.9,786.63,2.77,2.97
"1403",1402,783.83,780.86,786.6,2.77,2.97
"1404",1403,783.79,780.82,786.56,2.77,2.97
"1405",1404,783.75,780.75,786.48,2.73,3.01
"1406",1405,783.71,780.71,786.44,2.73,3
"1407",1406,783.68,780.67,786.4,2.73,3
"1408",1407,783.64,780.64,786.37,2.73,3
"1409",1408,783.6,780.61,786.33,2.73,3
"1410",1409,783.57,780.57,786.29,2.73,2.99
"1411",1410,783.53,780.54,786.25,2.72,2.99
"1412",1411,783.49,780.5,786.22,2.72,2.99
"1413",1412,783.46,780.46,786.18,2.72,2.99
"1414",1413,783.42,780.43,786.15,2.73,2.99
"1415",1414,783.38,780.38,786.1,2.72,3
"1416",1415,783.34,780.35,786.07,2.73,2.99
"1417",1416,783.3,780.31,786.02,2.72,3
"1418",1417,783.27,780.27,785.98,2.72,3
"1419",1418,783.23,780.23,785.95,2.72,2.99
"1420",1419,783.19,780.2,785.91,2.72,3
"1421",1420,783.15,780.16,785.87,2.71,3
"1422",1421,783.12,780.13,785.83,2.72,2.99
"1423",1422,783.08,780.09,785.79,2.71,2.99
"1424",1423,783.04,780.05,785.75,2.71,2.99
"1425",1424,783,780.01,785.71,2.71,2.99
"1426",1425,782.97,779.98,785.67,2.71,2.99
"1427",1426,782.93,779.94,785.63,2.71,2.99
"1428",1427,782.89,779.9,785.59,2.7,2.99
"1429",1428,782.85,779.87,785.56,2.7,2.99
"1430",1429,782.81,779.83,785.52,2.7,2.99
"1431",1430,782.78,779.79,785.48,2.7,2.99
"1432",1431,782.74,779.75,785.44,2.7,2.99
"1433",1432,782.7,779.71,785.4,2.7,2.99
"1434",1433,782.66,779.67,785.36,2.7,2.99
"1435",1434,782.62,779.64,785.32,2.7,2.99
"1436",1435,782.59,779.6,785.28,2.69,2.99
"1437",1436,782.55,779.56,785.24,2.69,2.99
"1438",1437,782.51,779.52,785.2,2.69,2.99
"1439",1438,782.47,779.48,785.16,2.69,2.99
"1440",1439,782.43,779.44,785.12,2.69,2.99
"1441",1440,782.39,779.41,785.08,2.69,2.98
"1442",1441,782.35,779.37,785.05,2.69,2.98
"1443",1442,782.32,779.33,785.01,2.69,2.98
"1444",1443,782.28,779.3,784.97,2.69,2.98
"1445",1444,782.24,779.26,784.93,2.69,2.98
"1446",1445,782.2,779.22,784.89,2.69,2.98
"1447",1446,782.16,779.18,784.85,2.69,2.98
"1448",1447,782.12,779.15,784.82,2.69,2.98
"1449",1448,782.08,779.11,784.78,2.69,2.98
"1450",1449,782.05,779.07,784.74,2.69,2.98
"1451",1450,782.01,779.03,784.7,2.69,2.98
"1452",1451,781.97,778.99,784.66,2.69,2.98
"1453",1452,781.93,778.97,784.63,2.7,2.96
"1454",1453,781.89,778.93,784.59,2.7,2.96
"1455",1454,781.85,778.89,784.55,2.7,2.96
"1456",1455,781.81,778.84,784.49,2.68,2.98
"1457",1456,781.77,778.8,784.45,2.68,2.97
"1458",1457,781.73,778.76,784.41,2.67,2.98
"1459",1458,781.69,778.72,784.37,2.67,2.98
"1460",1459,781.66,778.68,784.33,2.67,2.98
"1461",1460,781.62,778.64,784.29,2.67,2.98
"1462",1461,781.58,778.6,784.25,2.67,2.98
"1463",1462,781.54,778.56,784.2,2.66,2.98
"1464",1463,781.5,778.52,784.16,2.66,2.98
"1465",1464,781.46,778.48,784.12,2.66,2.98
"1466",1465,781.42,778.45,784.08,2.66,2.97
"1467",1466,781.38,778.4,784.04,2.66,2.98
"1468",1467,781.34,778.37,784,2.66,2.97
"1469",1468,781.3,778.33,783.96,2.66,2.97
"1470",1469,781.26,778.29,783.92,2.66,2.97
"1471",1470,781.22,778.25,783.88,2.66,2.97
"1472",1471,781.18,778.21,783.84,2.66,2.97
"1473",1472,781.14,778.18,783.8,2.66,2.97
"1474",1473,781.1,778.14,783.76,2.66,2.96
"1475",1474,781.06,778.1,783.72,2.66,2.96
"1476",1475,781.02,778.06,783.68,2.66,2.96
"1477",1476,780.98,778.03,783.65,2.67,2.95
"1478",1477,780.94,777.99,783.61,2.67,2.95
"1479",1478,780.9,777.95,783.57,2.67,2.95
"1480",1479,780.86,777.91,783.53,2.67,2.95
"1481",1480,780.82,777.87,783.49,2.67,2.95
"1482",1481,780.78,777.83,783.45,2.67,2.95
"1483",1482,780.74,777.79,783.41,2.67,2.95
"1484",1483,780.7,777.75,783.37,2.67,2.95
"1485",1484,780.66,777.71,783.33,2.67,2.95
"1486",1485,780.62,777.67,783.29,2.67,2.95
"1487",1486,780.58,777.63,783.25,2.67,2.95
"1488",1487,780.54,777.59,783.21,2.67,2.95
"1489",1488,780.5,777.58,783.2,2.7,2.92
"1490",1489,780.46,777.54,783.15,2.69,2.92
"1491",1490,780.42,777.5,783.11,2.69,2.92
"1492",1491,780.38,777.46,783.07,2.69,2.92
"1493",1492,780.34,777.42,783.03,2.69,2.92
"1494",1493,780.3,777.39,783,2.7,2.91
"1495",1494,780.26,777.36,782.96,2.7,2.9
"1496",1495,780.22,777.32,782.92,2.7,2.9
"1497",1496,780.18,777.27,782.87,2.69,2.91
"1498",1497,780.13,777.23,782.82,2.69,2.91
"1499",1498,780.09,777.19,782.78,2.68,2.91
"1500",1499,780.05,777.15,782.74,2.68,2.9
"1501",1500,780.01,777.11,782.7,2.68,2.9
"1502",1501,779.97,777.07,782.66,2.69,2.9
"1503",1502,779.93,777.03,782.62,2.69,2.9
"1504",1503,779.89,776.99,782.58,2.69,2.9
"1505",1504,779.85,776.96,782.54,2.69,2.89
"1506",1505,779.81,776.91,782.5,2.69,2.89
"1507",1506,779.77,776.87,782.45,2.69,2.89
"1508",1507,779.72,776.83,782.41,2.68,2.89
"1509",1508,779.68,776.79,782.37,2.69,2.89
"1510",1509,779.64,776.75,782.33,2.69,2.89
"1511",1510,779.6,776.71,782.29,2.69,2.89
"1512",1511,779.56,776.67,782.24,2.69,2.89
"1513",1512,779.52,776.62,782.2,2.68,2.89
"1514",1513,779.48,776.62,782.19,2.72,2.85
"1515",1514,779.43,776.58,782.15,2.71,2.85
"1516",1515,779.39,776.54,782.11,2.71,2.85
"1517",1516,779.35,776.5,782.06,2.71,2.86
"1518",1517,779.31,776.46,782.02,2.71,2.85
"1519",1518,779.27,776.42,781.98,2.71,2.85
"1520",1519,779.23,776.38,781.94,2.72,2.85
"1521",1520,779.18,776.34,781.9,2.72,2.85
"1522",1521,779.14,776.29,781.85,2.71,2.86
"1523",1522,779.1,776.27,781.83,2.73,2.83
"1524",1523,779.06,776.23,781.79,2.73,2.83
"1525",1524,779.02,776.19,781.75,2.73,2.83
"1526",1525,778.98,776.15,781.71,2.73,2.83
"1527",1526,778.93,776.05,781.61,2.68,2.88
"1528",1527,778.89,776.01,781.57,2.68,2.88
"1529",1528,778.85,775.98,781.53,2.68,2.88
"1530",1529,778.81,775.93,781.49,2.68,2.87
"1531",1530,778.77,775.9,781.45,2.68,2.87
"1532",1531,778.73,775.86,781.41,2.68,2.87
"1533",1532,778.68,775.82,781.37,2.68,2.87
"1534",1533,778.64,775.78,781.33,2.68,2.86
"1535",1534,778.6,775.79,781.34,2.74,2.81
"1536",1535,778.56,775.74,781.29,2.74,2.81
"1537",1536,778.51,775.7,781.25,2.74,2.81
"1538",1537,778.47,775.65,781.2,2.73,2.82
"1539",1538,778.43,775.61,781.15,2.72,2.82
"1540",1539,778.39,775.56,781.11,2.73,2.82
"1541",1540,778.35,775.54,781.09,2.74,2.8
"1542",1541,778.3,775.5,781.05,2.74,2.8
"1543",1542,778.26,775.41,780.96,2.7,2.85
"1544",1543,778.22,775.38,780.92,2.7,2.84
"1545",1544,778.18,775.33,780.88,2.7,2.84
"1546",1545,778.14,775.29,780.83,2.69,2.85
"1547",1546,778.09,775.25,780.79,2.7,2.85
"1548",1547,778.05,775.2,780.74,2.69,2.85
"1549",1548,778.01,775.18,780.72,2.71,2.83
"1550",1549,777.97,775.13,780.68,2.71,2.83
"1551",1550,777.92,775.06,780.6,2.68,2.86
"1552",1551,777.88,775.06,780.59,2.71,2.82
"1553",1552,777.84,775.01,780.55,2.71,2.82
"1554",1553,777.79,774.97,780.51,2.71,2.82
"1555",1554,777.75,774.93,780.47,2.72,2.82
"1556",1555,777.71,774.89,780.42,2.72,2.81
"1557",1556,777.66,774.85,780.38,2.72,2.81
"1558",1557,777.62,774.81,780.34,2.72,2.81
"1559",1558,777.57,774.76,780.29,2.71,2.82
"1560",1559,777.53,774.72,780.24,2.71,2.82
"1561",1560,777.49,774.69,780.21,2.72,2.8
"1562",1561,777.45,774.64,780.17,2.72,2.8
"1563",1562,777.4,774.54,780.07,2.67,2.86
"1564",1563,777.36,774.5,780.02,2.67,2.86
"1565",1564,777.31,774.46,779.98,2.67,2.86
"1566",1565,777.27,774.46,779.98,2.71,2.81
"1567",1566,777.23,774.41,779.93,2.71,2.81
"1568",1567,777.18,774.37,779.89,2.7,2.81
"1569",1568,777.14,774.33,779.84,2.7,2.81
"1570",1569,777.09,774.28,779.79,2.7,2.81
"1571",1570,777.05,774.24,779.75,2.7,2.81
"1572",1571,777.01,774.2,779.71,2.7,2.81
"1573",1572,776.96,774.15,779.66,2.7,2.81
"1574",1573,776.92,774.11,779.62,2.7,2.81
"1575",1574,776.88,774.06,779.58,2.7,2.81
"1576",1575,776.83,774.02,779.53,2.7,2.81
"1577",1576,776.79,773.97,779.49,2.71,2.81
"1578",1577,776.74,773.93,779.45,2.71,2.81
"1579",1578,776.7,773.88,779.39,2.7,2.82
"1580",1579,776.65,773.83,779.35,2.7,2.82
"1581",1580,776.61,773.79,779.31,2.7,2.82
"1582",1581,776.56,773.75,779.26,2.7,2.82
"1583",1582,776.52,773.69,779.21,2.69,2.82
"1584",1583,776.47,773.65,779.17,2.69,2.82
"1585",1584,776.43,773.55,779.06,2.63,2.88
"1586",1585,776.38,773.51,779.02,2.64,2.88
"1587",1586,776.34,773.47,778.98,2.64,2.87
"1588",1587,776.3,773.43,778.93,2.64,2.87
"1589",1588,776.25,773.38,778.89,2.64,2.87
"1590",1589,776.21,773.34,778.84,2.64,2.87
"1591",1590,776.16,773.29,778.8,2.64,2.87
"1592",1591,776.12,773.39,778.9,2.79,2.73
"1593",1592,776.07,773.35,778.86,2.78,2.72
"1594",1593,776.03,773.26,778.76,2.74,2.77
"1595",1594,775.98,773.21,778.72,2.74,2.77
"1596",1595,775.93,773.16,778.66,2.73,2.77
"1597",1596,775.89,773.12,778.61,2.73,2.77
"1598",1597,775.84,773.07,778.57,2.72,2.77
"1599",1598,775.8,773.09,778.59,2.79,2.71
"1600",1599,775.75,773.05,778.54,2.79,2.7
"1601",1600,775.71,772.94,778.43,2.73,2.76
"1602",1601,775.66,772.9,778.39,2.73,2.76
"1603",1602,775.61,772.91,778.4,2.79,2.7
"1604",1603,775.57,772.87,778.36,2.79,2.7
"1605",1604,775.52,772.82,778.31,2.79,2.7
"1606",1605,775.48,772.78,778.26,2.79,2.7
"1607",1606,775.43,772.73,778.21,2.79,2.69
"1608",1607,775.38,772.69,778.17,2.79,2.69
"1609",1608,775.33,772.65,778.12,2.79,2.69
"1610",1609,775.29,772.6,778.07,2.79,2.69
"1611",1610,775.24,772.55,778.03,2.79,2.69
"1612",1611,775.2,772.51,777.99,2.79,2.69
"1613",1612,775.15,772.46,777.94,2.79,2.69
"1614",1613,775.11,772.35,777.83,2.72,2.76
"1615",1614,775.06,772.3,777.78,2.72,2.76
"1616",1615,775.01,772.26,777.74,2.72,2.76
"1617",1616,774.97,772.22,777.69,2.72,2.75
"1618",1617,774.92,772.17,777.65,2.73,2.75
"1619",1618,774.87,772.13,777.6,2.73,2.74
"1620",1619,774.83,772.09,777.56,2.74,2.74
"1621",1620,774.78,772.04,777.52,2.74,2.74
"1622",1621,774.73,772,777.47,2.74,2.73
"1623",1622,774.68,771.96,777.43,2.75,2.72
"1624",1623,774.64,771.91,777.38,2.74,2.73
"1625",1624,774.59,771.86,777.34,2.75,2.72
"1626",1625,774.54,771.81,777.28,2.74,2.73
"1627",1626,774.49,771.77,777.24,2.74,2.73
"1628",1627,774.45,771.72,777.19,2.74,2.73
"1629",1628,774.4,771.67,777.14,2.74,2.73
"1630",1629,774.35,771.63,777.09,2.73,2.73
"1631",1630,774.31,771.58,777.04,2.73,2.73
"1632",1631,774.26,771.53,776.99,2.73,2.73
"1633",1632,774.21,771.48,776.95,2.74,2.73
"1634",1633,774.17,771.44,776.9,2.74,2.73
"1635",1634,774.12,771.39,776.85,2.73,2.73
"1636",1635,774.07,771.35,776.82,2.74,2.72
"1637",1636,774.02,771.31,776.77,2.75,2.72
"1638",1637,773.97,771.25,776.72,2.74,2.72
"1639",1638,773.93,771.2,776.67,2.74,2.73
"1640",1639,773.88,771.16,776.63,2.75,2.72
"1641",1640,773.83,771.11,776.58,2.75,2.72
"1642",1641,773.78,771.08,776.55,2.77,2.7
"1643",1642,773.73,771.04,776.5,2.77,2.7
"1644",1643,773.69,770.99,776.46,2.77,2.69
"1645",1644,773.64,770.94,776.41,2.77,2.69
"1646",1645,773.59,770.9,776.36,2.77,2.69
"1647",1646,773.54,770.85,776.31,2.77,2.69
"1648",1647,773.49,770.8,776.26,2.77,2.69
"1649",1648,773.45,770.75,776.21,2.77,2.69
"1650",1649,773.4,770.7,776.17,2.77,2.69
"1651",1650,773.35,770.66,776.12,2.77,2.69
"1652",1651,773.3,770.61,776.07,2.77,2.69
"1653",1652,773.25,770.56,776.02,2.77,2.69
"1654",1653,773.2,770.51,775.97,2.77,2.69
"1655",1654,773.15,770.46,775.92,2.77,2.69
"1656",1655,773.11,770.43,775.89,2.78,2.68
"1657",1656,773.05,770.37,775.83,2.77,2.69
"1658",1657,773.01,770.34,775.8,2.8,2.66
"1659",1658,772.96,770.27,775.73,2.77,2.69
"1660",1659,772.91,770.24,775.7,2.8,2.67
"1661",1660,772.86,770.19,775.65,2.8,2.67
"1662",1661,772.81,770.12,775.59,2.78,2.68
"1663",1662,772.76,770.09,775.55,2.79,2.67
"1664",1663,772.71,770.04,775.5,2.79,2.67
"1665",1664,772.66,769.99,775.44,2.78,2.67
"1666",1665,772.61,769.94,775.4,2.78,2.67
"1667",1666,772.56,769.89,775.35,2.78,2.68
"1668",1667,772.51,769.87,775.33,2.81,2.64
"1669",1668,772.46,769.77,775.23,2.77,2.7
"1670",1669,772.41,769.49,774.95,2.53,2.93
"1671",1670,772.36,769.42,774.88,2.51,2.94
"1672",1671,772.31,769.37,774.83,2.51,2.94
"1673",1672,772.26,769.31,774.77,2.51,2.95
"1674",1673,772.21,769.52,774.97,2.76,2.7
"1675",1674,772.16,769.48,774.93,2.76,2.69
"1676",1675,772.12,769.42,774.87,2.75,2.69
"1677",1676,772.07,769.38,774.82,2.76,2.69
"1678",1677,772.02,769.33,774.77,2.76,2.69
"1679",1678,771.97,769.27,774.72,2.75,2.69
"1680",1679,771.92,769.22,774.67,2.75,2.69
"1681",1680,771.86,768.94,774.39,2.52,2.92
"1682",1681,771.81,768.89,774.33,2.52,2.92
"1683",1682,771.76,768.84,774.29,2.52,2.92
"1684",1683,771.71,768.79,774.24,2.53,2.92
"1685",1684,771.66,768.73,774.18,2.52,2.93
"1686",1685,771.61,768.69,774.13,2.52,2.93
"1687",1686,771.56,768.64,774.09,2.52,2.92
"1688",1687,771.51,768.59,774.03,2.52,2.93
"1689",1688,771.46,768.53,773.98,2.52,2.93
"1690",1689,771.41,768.67,774.12,2.71,2.74
"1691",1690,771.36,768.62,774.07,2.71,2.74
"1692",1691,771.31,768.57,774.02,2.71,2.74
"1693",1692,771.25,768.51,773.95,2.7,2.75
"1694",1693,771.2,768.45,773.9,2.7,2.75
"1695",1694,771.15,768.4,773.85,2.7,2.75
"1696",1695,771.1,768.28,773.72,2.62,2.82
"1697",1696,771.05,768.23,773.67,2.62,2.82
"1698",1697,771,768.17,773.62,2.62,2.82
"1699",1698,770.95,768.12,773.56,2.62,2.83
"1700",1699,770.89,768.07,773.51,2.62,2.82
"1701",1700,770.84,768.02,773.46,2.62,2.83
"1702",1701,770.79,767.96,773.41,2.62,2.83
"1703",1702,770.74,767.87,773.32,2.58,2.86
"1704",1703,770.68,767.86,773.3,2.62,2.82
"1705",1704,770.63,767.8,773.25,2.62,2.83
"1706",1705,770.58,767.75,773.2,2.62,2.83
"1707",1706,770.53,767.62,773.06,2.54,2.91
"1708",1707,770.47,767.57,773.01,2.54,2.91
"1709",1708,770.42,767.52,772.96,2.53,2.91
"1710",1709,770.37,767.46,772.9,2.53,2.91
"1711",1710,770.31,767.41,772.85,2.54,2.9
"1712",1711,770.26,767.36,772.8,2.54,2.9
"1713",1712,770.21,767.31,772.75,2.55,2.9
"1714",1713,770.16,767.38,772.83,2.67,2.77
"1715",1714,770.1,767.2,772.65,2.54,2.9
"1716",1715,770.05,767.15,772.59,2.54,2.9
"1717",1716,770,767.09,772.54,2.54,2.91
"1718",1717,769.95,767.05,772.49,2.54,2.9
"1719",1718,769.9,766.99,772.43,2.54,2.91
"1720",1719,769.84,766.94,772.38,2.54,2.9
"1721",1720,769.79,766.89,772.33,2.54,2.9
"1722",1721,769.74,766.84,772.28,2.54,2.9
"1723",1722,769.68,766.78,772.23,2.54,2.9
"1724",1723,769.63,766.73,772.18,2.54,2.9
"1725",1724,769.58,766.68,772.12,2.54,2.9
"1726",1725,769.52,766.62,772.07,2.54,2.91
"1727",1726,769.47,766.56,772.02,2.54,2.91
"1728",1727,769.42,766.51,771.96,2.55,2.91
"1729",1728,769.36,766.46,771.91,2.55,2.91
"1730",1729,769.31,766.41,771.86,2.55,2.9
"1731",1730,769.26,766.35,771.81,2.55,2.91
"1732",1731,769.2,766.42,771.88,2.68,2.78
"1733",1732,769.15,766.37,771.83,2.68,2.78
"1734",1733,769.09,766.28,771.74,2.65,2.81
"1735",1734,769.04,766.22,771.68,2.64,2.82
"1736",1735,768.98,766.17,771.63,2.65,2.81
"1737",1736,768.93,766.11,771.58,2.65,2.81
"1738",1737,768.88,766.06,771.52,2.65,2.81
"1739",1738,768.82,766.16,771.62,2.8,2.66
"1740",1739,768.77,766.1,771.57,2.8,2.66
"1741",1740,768.71,766.1,771.57,2.86,2.61
"1742",1741,768.66,766.01,771.48,2.82,2.65
"1743",1742,768.6,765.96,771.42,2.82,2.65
"1744",1743,768.55,765.9,771.37,2.82,2.64
"1745",1744,768.49,765.85,771.31,2.82,2.64
"1746",1745,768.44,765.79,771.25,2.82,2.65
"1747",1746,768.38,765.73,771.2,2.82,2.65
"1748",1747,768.33,765.67,771.14,2.81,2.66
"1749",1748,768.27,765.62,771.08,2.81,2.66
"1750",1749,768.22,765.55,771.02,2.8,2.66
"1751",1750,768.16,765.51,770.98,2.82,2.65
"1752",1751,768.11,765.45,770.92,2.82,2.65
"1753",1752,768.05,765.4,770.87,2.82,2.65
"1754",1753,768,765.35,770.82,2.82,2.65
"1755",1754,767.94,765.3,770.77,2.83,2.64
"1756",1755,767.89,765.23,770.71,2.82,2.65
"1757",1756,767.83,765.18,770.66,2.83,2.65
"1758",1757,767.77,765.13,770.6,2.83,2.64
"1759",1758,767.72,765.05,770.54,2.82,2.66
"1760",1759,767.66,765,770.48,2.82,2.66
"1761",1760,767.6,764.9,770.39,2.79,2.7
"1762",1761,767.55,764.85,770.33,2.79,2.7
"1763",1762,767.49,764.79,770.27,2.78,2.7
"1764",1763,767.43,764.73,770.22,2.78,2.7
"1765",1764,767.38,764.67,770.16,2.78,2.71
"1766",1765,767.32,764.61,770.1,2.77,2.72
"1767",1766,767.26,764.55,770.04,2.78,2.71
"1768",1767,767.21,764.5,769.99,2.78,2.71
"1769",1768,767.15,764.44,769.93,2.78,2.71
"1770",1769,767.09,764.38,769.88,2.78,2.71
"1771",1770,767.04,764.33,769.83,2.79,2.71
"1772",1771,766.98,764.14,769.64,2.66,2.84
"1773",1772,766.92,764.23,769.72,2.8,2.7
"1774",1773,766.87,764.17,769.67,2.8,2.7
"1775",1774,766.81,764.06,769.56,2.75,2.75
"1776",1775,766.75,764,769.5,2.75,2.75
"1777",1776,766.69,763.95,769.45,2.76,2.75
"1778",1777,766.64,763.89,769.39,2.75,2.75
"1779",1778,766.58,763.68,769.19,2.61,2.9
"1780",1779,766.52,763.62,769.13,2.6,2.9
"1781",1780,766.46,763.56,769.07,2.6,2.9
"1782",1781,766.4,763.63,769.14,2.73,2.77
"1783",1782,766.35,763.45,768.95,2.61,2.9
"1784",1783,766.29,763.37,768.88,2.58,2.92
"1785",1784,766.23,763.31,768.82,2.58,2.92
"1786",1785,766.17,763.25,768.76,2.59,2.92
"1787",1786,766.12,763.32,768.83,2.71,2.8
"1788",1787,766.06,763.13,768.63,2.58,2.93
"1789",1788,766,763.07,768.58,2.58,2.93
"1790",1789,765.94,763.13,768.64,2.7,2.81
"1791",1790,765.88,763.06,768.58,2.69,2.82
"1792",1791,765.82,763,768.52,2.7,2.82
"1793",1792,765.76,762.94,768.46,2.7,2.82
"1794",1793,765.71,762.9,768.42,2.71,2.81
"1795",1794,765.65,762.81,768.33,2.68,2.84
"1796",1795,765.59,762.69,768.21,2.62,2.9
"1797",1796,765.53,762.63,768.15,2.62,2.9
"1798",1797,765.47,762.57,768.1,2.62,2.9
"1799",1798,765.41,762.51,768.03,2.62,2.9
"1800",1799,765.36,762.45,767.97,2.62,2.9
"1801",1800,765.3,762.39,767.92,2.62,2.9
"1802",1801,765.23,762.34,767.86,2.63,2.89
"1803",1802,765.18,762.28,767.81,2.63,2.89
"1804",1803,765.11,762.21,767.74,2.63,2.91
"1805",1804,765.05,762.15,767.69,2.64,2.9
"1806",1805,764.99,762.11,767.64,2.65,2.88
"1807",1806,764.94,762.05,767.59,2.65,2.89
"1808",1807,764.87,761.98,767.52,2.65,2.89
"1809",1808,764.81,761.92,767.47,2.65,2.89
"1810",1809,764.75,761.86,767.41,2.65,2.89
"1811",1810,764.69,761.8,767.35,2.65,2.89
"1812",1811,764.63,761.75,767.29,2.66,2.89
"1813",1812,764.57,761.69,767.23,2.66,2.89
"1814",1813,764.51,761.64,767.19,2.68,2.87
"1815",1814,764.45,761.57,767.12,2.67,2.88
"1816",1815,764.39,761.5,767.06,2.67,2.88
"1817",1816,764.33,761.44,767,2.68,2.88
"1818",1817,764.26,761.33,766.89,2.63,2.93
"1819",1818,764.2,761.27,766.83,2.63,2.94
"1820",1819,764.14,761.21,766.77,2.63,2.93
"1821",1820,764.08,761.2,766.77,2.69,2.88
"1822",1821,764.02,761.13,766.71,2.69,2.88
"1823",1822,763.96,761.08,766.66,2.7,2.88
"1824",1823,763.89,761.01,766.59,2.7,2.89
"1825",1824,763.83,760.95,766.53,2.7,2.89
"1826",1825,763.77,760.9,766.48,2.71,2.87
"1827",1826,763.71,760.83,766.42,2.71,2.87
"1828",1827,763.64,760.77,766.36,2.71,2.87
"1829",1828,763.58,760.71,766.3,2.72,2.87
"1830",1829,763.52,760.65,766.24,2.72,2.87
"1831",1830,763.46,760.58,766.18,2.72,2.87
"1832",1831,763.4,760.52,766.12,2.72,2.88
"1833",1832,763.33,760.46,766.06,2.73,2.88
"1834",1833,763.27,760.4,766,2.73,2.87
"1835",1834,763.2,760.33,765.94,2.74,2.87
"1836",1835,763.14,760.27,765.88,2.74,2.87
"1837",1836,763.08,760.21,765.82,2.75,2.87
"1838",1837,763.01,760.15,765.76,2.75,2.86
"1839",1838,762.95,760.08,765.71,2.76,2.86
"1840",1839,762.89,760.02,765.64,2.76,2.86
"1841",1840,762.82,759.96,765.59,2.77,2.86
"1842",1841,762.76,759.9,765.53,2.77,2.86
"1843",1842,762.69,759.83,765.47,2.77,2.87
"1844",1843,762.63,759.76,765.41,2.78,2.87
"1845",1844,762.57,759.71,765.36,2.79,2.86
"1846",1845,762.5,759.63,765.29,2.78,2.87
"1847",1846,762.44,759.57,765.23,2.79,2.87
"1848",1847,762.37,759.53,765.19,2.81,2.85
"1849",1848,762.31,759.46,765.13,2.82,2.84
"1850",1849,762.24,759.39,765.06,2.81,2.86
"1851",1850,762.18,759.33,765,2.82,2.85
"1852",1851,762.11,759.26,764.93,2.82,2.86
"1853",1852,762.05,759.19,764.87,2.82,2.86
"1854",1853,761.98,759.13,764.81,2.83,2.85
"1855",1854,761.92,759.06,764.74,2.83,2.86
"1856",1855,761.85,758.99,764.68,2.83,2.87
"1857",1856,761.79,758.91,764.61,2.82,2.88
"1858",1857,761.72,758.85,764.56,2.84,2.87
"1859",1858,761.66,758.78,764.5,2.84,2.87
"1860",1859,761.59,758.72,764.44,2.84,2.88
"1861",1860,761.53,758.65,764.38,2.85,2.88
"1862",1861,761.46,758.56,764.3,2.84,2.9
"1863",1862,761.4,758.5,764.24,2.84,2.9
"1864",1863,761.33,758.43,764.18,2.85,2.9
"1865",1864,761.26,758.36,764.12,2.85,2.9
"1866",1865,761.2,758.3,764.07,2.87,2.9
"1867",1866,761.13,758.23,764,2.87,2.9
"1868",1867,761.06,758.14,763.92,2.86,2.92
"1869",1868,761,758.08,763.86,2.86,2.92
"1870",1869,760.93,758.03,763.83,2.9,2.9
"1871",1870,760.86,757.96,763.76,2.9,2.9
"1872",1871,760.8,757.89,763.7,2.9,2.91
"1873",1872,760.73,757.82,763.64,2.91,2.91
"1874",1873,760.66,757.75,763.57,2.91,2.91
"1875",1874,760.59,757.67,763.5,2.91,2.93
"1876",1875,760.53,757.61,763.45,2.92,2.92
"1877",1876,760.46,757.55,763.39,2.93,2.91
"1878",1877,760.39,757.47,763.33,2.93,2.92
"1879",1878,760.33,757.38,763.25,2.93,2.94
"1880",1879,760.26,757.35,763.22,2.96,2.91
"1881",1880,760.19,757.28,763.16,2.97,2.91
"1882",1881,760.12,757.19,763.08,2.96,2.93
"1883",1882,760.05,757.1,762.99,2.94,2.96
"1884",1883,759.98,757.03,762.93,2.94,2.96
"1885",1884,759.92,756.96,762.86,2.95,2.96
"1886",1885,759.85,756.89,762.8,2.95,2.96
"1887",1886,759.78,756.82,762.74,2.96,2.96
"1888",1887,759.71,756.75,762.68,2.96,2.96
"1889",1888,759.64,756.68,762.61,2.97,2.96
"1890",1889,759.57,756.61,762.55,2.98,2.97
"1891",1890,759.51,756.54,762.49,2.98,2.97
"1892",1891,759.44,756.47,762.43,3,2.96
"1893",1892,759.37,756.36,762.33,2.96,3.01
"1894",1893,759.3,756.3,762.27,2.97,3
"1895",1894,759.23,756.22,762.2,2.97,3.01
"1896",1895,759.16,756.15,762.13,2.97,3.01
"1897",1896,759.09,756.07,762.06,2.97,3.02
"1898",1897,759.02,756,762,2.98,3.02
"1899",1898,758.95,755.92,761.93,2.98,3.02
"1900",1899,758.88,755.85,761.87,2.99,3.03
"1901",1900,758.81,755.81,761.84,3.03,2.99
"1902",1901,758.74,755.74,761.77,3.03,3
"1903",1902,758.67,755.66,761.7,3.03,3.01
"1904",1903,758.6,755.59,761.63,3.03,3.01
"1905",1904,758.53,755.51,761.56,3.04,3.02
"1906",1905,758.46,755.44,761.51,3.05,3.02
"1907",1906,758.39,755.31,761.39,3,3.08
"1908",1907,758.32,755.24,761.32,3.01,3.08
"1909",1908,758.24,755.15,761.24,2.99,3.1
"1910",1909,758.17,755.08,761.18,3.01,3.09
"1911",1910,758.1,755.01,761.12,3.02,3.09
"1912",1911,758.03,754.94,761.06,3.03,3.08
"1913",1912,757.96,754.87,761,3.04,3.08
"1914",1913,757.88,754.8,760.93,3.05,3.09
"1915",1914,757.81,754.71,760.86,3.04,3.1
"1916",1915,757.74,754.64,760.79,3.05,3.1
"1917",1916,757.67,754.48,760.63,2.96,3.19
"1918",1917,757.6,754.4,760.56,2.96,3.2
"1919",1918,757.52,754.31,760.49,2.97,3.21
"1920",1919,757.45,754.16,760.34,2.89,3.29
"1921",1920,757.38,754.09,760.27,2.9,3.29
"1922",1921,757.3,754.01,760.21,2.9,3.29
"1923",1922,757.23,753.95,760.16,2.92,3.28
"1924",1923,757.16,753.88,760.09,2.93,3.28
"1925",1924,757.09,753.84,760.06,2.97,3.25
"1926",1925,757.01,753.65,759.87,2.86,3.37
"1927",1926,756.94,753.56,759.79,2.86,3.38
"1928",1927,756.86,753.49,759.73,2.86,3.37
"1929",1928,756.79,753.41,759.65,2.87,3.38
"1930",1929,756.71,753.34,759.59,2.88,3.37
"1931",1930,756.64,753.25,759.51,2.87,3.39
"1932",1931,756.56,753.17,759.43,2.87,3.4
"1933",1932,756.49,753.08,759.36,2.87,3.41
"1934",1933,756.41,753.01,759.3,2.88,3.4
"1935",1934,756.34,752.95,759.25,2.91,3.39
"1936",1935,756.26,752.84,759.14,2.88,3.43
"1937",1936,756.19,752.75,759.07,2.88,3.44
"1938",1937,756.11,752.67,759,2.89,3.44
"1939",1938,756.04,752.58,758.92,2.88,3.46
"1940",1939,755.96,752.51,758.87,2.91,3.45
"1941",1940,755.89,752.43,758.8,2.91,3.45
"1942",1941,755.81,752.36,758.74,2.92,3.45
"1943",1942,755.73,752.2,758.59,2.86,3.53
"1944",1943,755.66,752.11,758.51,2.86,3.54
"1945",1944,755.58,752.08,758.5,2.92,3.5
"1946",1945,755.5,752.01,758.43,2.93,3.49
"1947",1946,755.43,751.93,758.37,2.94,3.5
"1948",1947,755.35,751.85,758.29,2.94,3.5
"1949",1948,755.27,751.76,758.22,2.95,3.51
"1950",1949,755.2,751.67,758.15,2.95,3.52
"1951",1950,755.12,751.6,758.08,2.96,3.52
"1952",1951,755.05,751.51,758.01,2.96,3.53
"1953",1952,754.97,751.43,757.94,2.97,3.54
"1954",1953,754.89,751.34,757.87,2.97,3.55
"1955",1954,754.81,751.26,757.8,2.98,3.55
"1956",1955,754.74,751.19,757.74,3.01,3.54
"1957",1956,754.66,751.11,757.67,3.01,3.55
"1958",1957,754.58,751.02,757.59,3.01,3.56
"1959",1958,754.5,750.93,757.52,3.02,3.57
"1960",1959,754.42,750.85,757.45,3.03,3.57
"1961",1960,754.35,750.76,757.38,3.03,3.58
"1962",1961,754.27,750.66,757.29,3.02,3.61
"1963",1962,754.19,750.58,757.22,3.04,3.61
"1964",1963,754.11,750.49,757.14,3.04,3.62
"1965",1964,754.03,750.4,757.07,3.04,3.63
"1966",1965,753.95,750.48,757.17,3.21,3.47
"1967",1966,753.88,750.23,756.93,3.05,3.65
"1968",1967,753.79,750.12,756.84,3.04,3.67
"1969",1968,753.72,750.04,756.77,3.05,3.67
"1970",1969,753.64,749.96,756.69,3.06,3.68
"1971",1970,753.55,749.86,756.61,3.05,3.69
"1972",1971,753.47,749.77,756.52,3.05,3.71
"1973",1972,753.39,749.69,756.45,3.06,3.7
"1974",1973,753.31,749.6,756.38,3.06,3.71
"1975",1974,753.23,749.5,756.29,3.06,3.73
"1976",1975,753.15,749.42,756.23,3.07,3.73
"1977",1976,753.07,749.33,756.15,3.08,3.74
"1978",1977,752.99,749.25,756.08,3.09,3.74
"1979",1978,752.91,749.16,756,3.1,3.75
"1980",1979,752.83,749.06,755.93,3.1,3.76
"1981",1980,752.75,748.95,755.84,3.09,3.79
"1982",1981,752.66,748.92,755.82,3.15,3.75
"1983",1982,752.58,748.83,755.74,3.16,3.75
"1984",1983,752.5,748.74,755.66,3.16,3.76
"1985",1984,752.42,748.64,755.58,3.16,3.77
"1986",1985,752.34,748.56,755.51,3.17,3.78
"1987",1986,752.25,748.46,755.43,3.18,3.79
"1988",1987,752.17,748.36,755.35,3.18,3.81
"1989",1988,752.09,748.26,755.26,3.17,3.83
"1990",1989,752,748.17,755.18,3.18,3.84
"1991",1990,751.92,748.07,755.1,3.18,3.85
"1992",1991,751.84,747.98,755.03,3.19,3.86
"1993",1992,751.75,747.87,754.94,3.18,3.88
"1994",1993,751.67,747.84,754.92,3.25,3.83
"1995",1994,751.58,747.68,754.77,3.19,3.9
"1996",1995,751.5,747.6,754.7,3.2,3.9
"1997",1996,751.42,747.49,754.61,3.19,3.93
"1998",1997,751.33,747.4,754.53,3.2,3.93
"1999",1998,751.24,747.3,754.46,3.22,3.94
"2000",1999,751.16,747.2,754.37,3.21,3.96
"2001",2000,751.08,747.26,754.45,3.37,3.82
"2002",2001,750.99,747.14,754.35,3.36,3.84
"2003",2002,750.9,747.05,754.26,3.36,3.85
"2004",2003,750.82,746.95,754.19,3.37,3.86
"2005",2004,750.73,746.84,754.09,3.36,3.89
"2006",2005,750.64,746.75,754.02,3.37,3.89
"2007",2006,750.56,746.66,753.95,3.39,3.89
"2008",2007,750.47,746.59,753.89,3.42,3.88
"2009",2008,750.38,746.23,753.56,3.18,4.15
"2010",2009,750.29,746.33,753.66,3.37,3.96
"2011",2010,750.21,746.23,753.58,3.37,3.97
"2012",2011,750.12,746.14,753.5,3.38,3.98
"2013",2012,750.03,746.04,753.42,3.39,4
"2014",2013,749.95,745.94,753.34,3.39,4.01
"2015",2014,749.86,745.83,753.25,3.39,4.03
"2016",2015,749.77,745.72,753.17,3.4,4.04
"2017",2016,749.68,745.75,753.22,3.54,3.93
"2018",2017,749.59,745.67,753.15,3.57,3.92
"2019",2018,749.49,745.72,753.23,3.74,3.77
"2020",2019,749.4,745.57,753.1,3.69,3.83
"2021",2020,749.31,745.47,753.01,3.7,3.84
"2022",2021,749.22,745.36,752.92,3.7,3.86
"2023",2022,749.13,745.27,752.83,3.7,3.86
"2024",2023,749.04,745.18,752.75,3.71,3.86
"2025",2024,748.95,745.07,752.66,3.71,3.88
"2026",2025,748.86,744.95,752.56,3.7,3.91
"2027",2026,748.77,744.85,752.48,3.7,3.92
"2028",2027,748.68,744.76,752.4,3.72,3.92
"2029",2028,748.59,744.65,752.32,3.73,3.94
"2030",2029,748.5,744.3,751.98,3.49,4.2
"2031",2030,748.4,744.19,751.9,3.49,4.21
"2032",2031,748.31,744.09,751.82,3.51,4.22
"2033",2032,748.22,743.99,751.74,3.52,4.23
"2034",2033,748.13,744.1,751.87,3.75,4.03
"2035",2034,748.04,743.99,751.79,3.75,4.05
"2036",2035,747.95,743.94,751.75,3.8,4.01
"2037",2036,747.85,743.75,751.57,3.72,4.1
"2038",2037,747.76,743.65,751.49,3.74,4.11
"2039",2038,747.67,743.54,751.4,3.74,4.13
"2040",2039,747.57,743.43,751.31,3.74,4.14
"2041",2040,747.48,743.36,751.27,3.78,4.12
"2042",2041,747.39,743.26,751.18,3.79,4.13
"2043",2042,747.29,743.16,751.1,3.8,4.14
"2044",2043,747.2,743.06,751.02,3.82,4.14
"2045",2044,747.11,742.94,750.92,3.82,4.17
"2046",2045,747.01,742.9,750.9,3.9,4.11
"2047",2046,746.91,742.71,750.74,3.83,4.2
"2048",2047,746.82,742.6,750.65,3.84,4.21
"2049",2048,746.73,742.56,750.63,3.91,4.17
"2050",2049,746.63,742.45,750.54,3.91,4.18
"2051",2050,746.53,742.34,750.45,3.91,4.2
"2052",2051,746.44,742.22,750.35,3.91,4.22
"2053",2052,746.34,742.11,750.27,3.93,4.23
"2054",2053,746.25,742.04,750.22,3.98,4.21
"2055",2054,746.15,741.92,750.13,3.98,4.23
"2056",2055,746.05,741.81,750.04,3.98,4.25
"2057",2056,745.96,741.67,749.93,3.97,4.28
"2058",2057,745.86,741.58,749.86,4,4.28
"2059",2058,745.76,741.47,749.77,4.01,4.29
"2060",2059,745.66,741.35,749.69,4.03,4.31
"2061",2060,745.56,741.24,749.6,4.04,4.33
"2062",2061,745.47,741.12,749.51,4.04,4.34
"2063",2062,745.36,741.02,749.43,4.06,4.35
"2064",2063,745.26,740.91,749.34,4.08,4.36
"2065",2064,745.17,740.81,749.26,4.1,4.35
"2066",2065,745.07,740.69,749.17,4.1,4.37
"2067",2066,744.97,740.58,749.08,4.11,4.39
"2068",2067,744.87,740.46,748.98,4.12,4.41
"2069",2068,744.77,740.34,748.9,4.13,4.42
"2070",2069,744.67,740.24,748.83,4.16,4.43
"2071",2070,744.56,740.12,748.73,4.17,4.45
"2072",2071,744.46,740.02,748.66,4.2,4.45
"2073",2072,744.36,739.7,748.37,4.01,4.66
"2074",2073,744.26,739.8,748.49,4.23,4.46
"2075",2074,744.16,739.47,748.18,4.02,4.69
"2076",2075,744.06,739.32,748.06,4.01,4.74
"2077",2076,743.95,739.44,748.21,4.26,4.51
"2078",2077,743.85,739.32,748.11,4.26,4.53
"2079",2078,743.75,739.21,748.02,4.27,4.54
"2080",2079,743.64,739.08,747.93,4.29,4.56
"2081",2080,743.54,738.97,747.85,4.31,4.57
"2082",2081,743.43,738.83,747.74,4.31,4.6
"2083",2082,743.32,738.74,747.67,4.35,4.59
"2084",2083,743.22,738.62,747.58,4.36,4.6
"2085",2084,743.11,738.49,747.48,4.36,4.63
"2086",2085,743.01,738.36,747.38,4.37,4.65
"2087",2086,742.9,738.13,747.19,4.29,4.77
"2088",2087,742.79,738,747.09,4.29,4.79
"2089",2088,742.69,737.95,747.06,4.37,4.74
"2090",2089,742.58,737.82,746.96,4.39,4.75
"2091",2090,742.47,737.7,746.88,4.41,4.77
"2092",2091,742.36,737.5,746.71,4.35,4.86
"2093",2092,742.25,737.45,746.68,4.43,4.81
"2094",2093,742.15,737.22,746.49,4.35,4.92
"2095",2094,742.04,737.1,746.4,4.36,4.93
"2096",2095,741.93,736.97,746.29,4.36,4.96
"2097",2096,741.81,736.82,746.16,4.35,5
"2098",2097,741.71,736.7,746.06,4.35,5.01
"2099",2098,741.6,736.57,745.96,4.36,5.03
"2100",2099,741.49,736.44,745.86,4.37,5.05
"2101",2100,741.38,736.29,745.76,4.39,5.08
"2102",2101,741.27,736.31,745.82,4.54,4.96
"2103",2102,741.16,736.18,745.72,4.56,4.98
"2104",2103,741.05,736.05,745.61,4.56,5
"2105",2104,740.94,735.92,745.51,4.57,5.01
"2106",2105,740.83,735.8,745.42,4.59,5.03
"2107",2106,740.72,735.68,745.33,4.62,5.03
"2108",2107,740.6,735.54,745.23,4.62,5.07
"2109",2108,740.49,735.39,745.11,4.62,5.1
"2110",2109,740.38,735.26,745.02,4.64,5.12
"2111",2110,740.27,735.12,744.91,4.64,5.15
"2112",2111,740.15,734.98,744.81,4.66,5.18
"2113",2112,740.04,734.85,744.71,4.67,5.2
"2114",2113,739.93,734.72,744.63,4.7,5.2
"2115",2114,739.81,734.6,744.54,4.72,5.21
"2116",2115,739.7,734.46,744.44,4.74,5.24
"2117",2116,739.58,734.33,744.34,4.76,5.25
"2118",2117,739.46,734.18,744.24,4.77,5.28
"2119",2118,739.35,734.03,744.13,4.78,5.32
"2120",2119,739.24,733.89,744.03,4.8,5.35
"2121",2120,739.12,733.74,743.91,4.79,5.38
"2122",2121,739.01,733.59,743.8,4.79,5.41
"2123",2122,738.89,733.45,743.71,4.82,5.44
"2124",2123,738.78,733.3,743.61,4.83,5.47
"2125",2124,738.66,733.19,743.55,4.88,5.47
"2126",2125,738.55,733.05,743.44,4.9,5.5
"2127",2126,738.43,732.9,743.34,4.91,5.52
"2128",2127,738.31,732.79,743.27,4.96,5.51
"2129",2128,738.19,732.65,743.16,4.97,5.54
"2130",2129,738.07,732.47,743.03,4.96,5.6
"2131",2130,737.94,732.35,742.94,5,5.6
