height,d13C
0.2,3.52
0.5,3.93
1.3,6.96
1.7,4.77
3.4,4.01
4,4.27
5,3.65
5.4,4.5
6.1,4.18
6.6,3.92
9.1,3.89
9.3,4.8
9.8,5.95
11.6,3.28
12.9,3.04
13.2,8.4
13.5,2.7
15.9,4.35
16.3,4.33
17,3.61
19.8,4.89
21,4.16
22.2,6.45
23,4.23
25,6.1
25.1,3.49
30.4,2.33
30.7,5.23
32.7,4.44
33,6.15
38,5.55
41,5.56
41.5,4.06
44.9,6.4
47.4,3.83
50,6.57
50.5,6.5
54.3,3.4
60,3.7
62,3.29
62.9,2.4
63.9,2.99
64.5,3.21
67.8,5.73
70,3.34
71,4.6
73,3.84
79.6,3.59
81,5.18
82.1,3.11
87.6,2.55
89,3.3
89.1,2.95
96.6,2.54
98.6,2.22
99.6,2.2
102.2,1.78
109,2.66
116.9,1.68
120.1,2.11
128.8,1
132.3,3.03
134.5,3.07
139,2.97
140,2.92
146.9,4.71
147,3.19
153.4,3.9
156.4,1.99
160,2.84
161,4.26
162.9,2.56
164.1,3.27
168.6,3.02
174.1,4.7
175.4,3.6
179.5,2.15
182,4.81
183.4,3.95
183.6,3.84
188.1,3.2
191,2.54
192,3.08
196.1,3.82
200.6,1.78
202.7,1.66
202.7,1.79
205.1,2.41
208.4,3.29
208.6,3.59
208.9,3.52
209,3.61
209.3,3.49
209.6,4.15
209.8,4.02
210.3,4
210.6,3.99
210.9,3.75
211.1,4.06
213.5,2.28
213.8,3.76
213.9,4.37
214.3,4.37
214.9,4.19
215.2,4.9
215.7,4.23
216,1.98
216,4.69
216.7,4.77
217,3.13
217,4.95
217.6,4.98
218.6,4.83
219.6,4.07
219.6,5.32
220.6,5.22
221,5.25
222.2,5.36
222.4,2.25
223.5,5.54
223.7,4.8
225.6,5.57
225.7,2.29
226.7,5.43
227.2,3.82
228.6,3.85
230.3,5.32
231.5,4.1
232.2,5.9
232.6,4.54
234,4.77
234.5,5.67
235,5.36
237.1,6.05
238.7,5.99
241,6.08
241.3,5.63
241.7,5.27
243.4,6.48
248.1,5.42
248.3,6.43
250.1,6.23
254.4,6.65
255.1,6.15
257.8,6.83
262.4,4.87
281.7,6.97
291.5,6.63
305,7.21
314.6,7.52
315.5,4.76
317.2,5.5
318.5,6.72
322,6.55
323.7,6.94
325.3,7.27
329.2,7.42
330.7,5.63
334,6.77
334.6,6.77
335.1,7.76
335.4,5.62
337.9,5.95
340.9,6.93
344.3,6.17
345.6,8.07
349,6.37
349.3,7.67
352.3,6.61
355,7.55
355.5,6.21
356.1,6.65
356.6,7.37
359.1,6.78
361,6.65
361.9,7.56
362.7,6.79
363.8,7.63
366.7,6.55
367.8,7.12
368.4,7.46
371.3,7.57
372.7,6.26
372.9,6.89
373.6,7.61
377,7.1
378.3,6.29
378.6,7.38
380.7,6.8
381.5,6.14
383.5,5.86
384.9,6.49
387.6,7.53
389.4,7.73
391.5,6.4
392.2,7.41
392.5,6.51
393.2,7.45
394,7.09
394.7,6.86
395.2,6.56
397.1,7.13
399.3,6.66
399.6,6.62
399.7,6.49
400.5,6.15
402.1,7.14
402.9,6.73
404.8,6.42
405,6.1
405.6,7.56
408.3,6.03
409.4,5.92
409.9,6.31
410.2,4.17
411.4,7.07
411.6,7.34
411.8,6.1
413,6.37
414.4,6.54
414.4,7.27
417.5,7.44
417.7,6.83
417.7,7.08
418,6.05
418.9,7.07
420.6,6.35
420.9,6.65
421.8,6.36
422.5,6.61
425.2,6.94
425.7,6.18
425.8,6.38
426.1,5.63
426.4,7.13
427,7.58
427.2,7.06
427.3,5.62
428.5,6.22
428.8,5.79
430.4,7.1
430.6,6.56
431.1,7.84
432.4,6.57
433.1,5.43
434.2,6.84
434.5,6.2
434.5,7.22
434.7,6.89
435.8,6.98
437.1,5.84
437.9,6.79
438.3,6.8
438.4,6.78
438.5,7.07
440.2,6.53
440.8,6.68
440.9,6.04
441.2,6.53
442.2,5.26
443.2,5.79
444.1,6.42
444.4,6.97
445.13,0.17
445.4,6.2
445.8,6.06
445.9,6.01
446.1,6.03
446.2,5.84
446.5,6.74
447,5.96
448.2,5.83
449,3.73
449,6.34
449,6.35
449.6,5.32
450.5,6.45
450.9,6
451.2,6.21
451.55,0.47
451.7,6.1
452.1,4.71
452.2,6.25
452.4,5.25
453,5.2
453.7,5.55
454,0.6
454.1,5.77
454.4,0.33
454.6,5.27
455.2,6.13
455.3,4.97
455.7,0.16
455.8,5.8
456,0.25
456.3,5.9
456.4,-0.04
456.5,-0.19
456.7,4.67
456.7,6.2
456.7,6.23
456.8,6.41
457,-0.14
457,4.39
457.06,-0.77
457.8,-0.07
457.8,4.94
457.9,4.78
458.2,4.61
458.4,4.24
458.4,5.24
458.4,-0.22
458.6,6.65
458.7,-0.25
458.9,4.55
459.3,6.08
459.4,4.23
459.4,-0.3
459.6,4.76
459.9,4.47
460.1,4.57
460.1,4.62
460.2,3.62
460.2,4.44
460.5,5.65
460.6,4.76
460.6,4.82
460.7,3.82
460.7,3.85
460.7,4.79
460.8,-0.78
460.8,4.71
460.9,5.08
461,-0.79
461,4.27
461.1,5.35
461.2,5.23
461.3,5.1
461.4,4.88
461.4,-0.89
461.6,3.88
461.6,4.69
461.6,4.74
461.7,4.85
461.8,-0.6
461.8,4.87
462,1.17
462,4.15
462,4.23
462.1,2.89
462.1,4.55
462.1,5.2
462.3,-1.1
462.3,2.26
462.32,-0.53
462.5,-1.06
462.5,0.85
462.5,0.92
462.7,4.49
462.7,4.66
462.9,0.85
462.9,4.7
463,3.24
463.1,5.07
463.2,0.55
463.2,4.93
463.2,-1.15
463.3,2.73
463.4,1.22
463.5,0.73
463.7,0.72
463.9,-0.06
464,0.71
464.1,-1.16
464.1,0.21
464.3,-0.44
464.3,0.45
464.5,0.61
464.6,-1.22
464.8,0.41
465,-0.19
465.1,0.68
465.1,0.88
465.2,-1.1
465.4,-0.31
465.68,-0.47
465.7,-0.1
465.8,-1.21
465.8,-0.19
465.9,-0.27
466.2,-0.13
466.3,0.3
466.4,-1.36
466.5,-0.13
466.9,-0.62
467,-0.58
467,-0.56
467.2,-0.36
467.2,-0.27
467.2,-0.02
467.2,-1.46
467.3,-0.5
467.5,-0.58
467.58,-0.19
467.6,0.48
467.7,-0.49
467.93,-0.53
468,-0.94
468,-0.86
468.4,-0.58
468.4,-1.45
468.9,-0.34
468.9,-1.14
469,-1.2
469.2,-1.49
469.6,-1.14
469.8,-1.41
469.8,-0.37
470,-1.47
470.1,-0.5
470.2,-1.15
470.6,-1.25
470.66,-1.24
471,-1.08
471.4,-0.47
471.4,0.9
471.4,-1.45
471.5,-0.76
472,-1.09
472.03,-1.39
472.2,-0.59
472.3,-1.5
472.3,-0.88
472.5,-0.52
472.71,-0.19
473,-1.13
473.3,-1.3
473.5,-1.01
473.5,-0.77
473.98,-1.36
474,-1.28
474.18,-1.33
474.3,-0.6
474.5,-1.3
474.5,-0.55
474.6,-1.05
475.5,-0.17
475.7,-0.68
475.74,-0.27
476,-1.02
476.3,-0.61
476.8,-1.25
476.8,-0.89
476.95,-0.33
477,-1.11
477.1,-0.8
477.3,-1.49
477.7,-0.7
478.23,-0.4
478.3,-1.16
478.4,-0.54
478.8,-1.17
479.06,-1.3
479.2,-1.16
479.7,-0.77
480.2,-1.16
480.5,-0.97
480.62,-0.9
480.81,-1.37
481.2,-1.29
481.2,-0.95
481.7,-0.82
481.8,-0.87
482.5,-1.11
482.6,-1.29
483.2,-1.01
483.9,-1.22
484.1,-1
484.39,-0.11
484.4,-1.22
484.7,-1.23
484.7,-1.05
485.1,-1.06
485.3,-1.28
485.5,-1.14
485.7,-1.24
485.7,-1.16
486,-1.2
486.4,-1.16
486.6,-0.91
486.7,-1.26
487.1,-0.83
487.4,-0.86
487.55,-1.29
487.7,-1.04
487.8,-1.21
488.9,-1.37
489,-1.27
489.77,-0.08
489.89,-1.38
490.6,-1.29
491.6,-0.63
493.7,-1.16
494.2,-1.17
494.87,-1.31
495.4,-1.32
496.1,-1.25
497.3,-1
497.31,-1.38
497.47,0.23
498.1,-1.09
498.8,-0.86
499.3,-1.19
499.55,-1.31
500.9,-1.36
500.9,-1.35
501.1,-1.18
501.7,-1.37
502.5,-0.99
503.26,-1.34
503.6,-0.95
504.6,-1.22
504.73,-2.1
506.39,-1.34
506.71,0.15
508.73,-0.35
508.8,-1.42
509.8,-0.65
509.8,-1.12
509.9,-1.42
511.97,-0.13
512.05,-0.79
513.5,-1.4
513.9,-1.5
514.88,-1.15
516.9,-0.78
517.22,-1.4
517.35,-0.43
518.1,-1.33
520,-1.28
520.54,-0.82
521.2,-0.56
522.2,-0.59
523.64,-0.21
523.86,-0.51
524.2,-1.11
525.1,-0.41
526,-0.8
527.66,-0.61
529.32,-0.63
530.3,-0.05
530.44,-0.32
534.5,-1.75
534.9,-0.05
536.47,-0.21
536.6,-0.14
536.64,-0.78
538.79,-0.4
539.6,-0.11
541.6,-0.3
541.62,-0.4
542.6,-1.07
545.1,-0.57
545.72,-0.13
546.9,-1.03
548.26,-0.01
549.3,0.32
550.02,0.08
550.5,-0.46
550.8,-0.75
552.36,0.07
553.27,0.19
554.3,-0.44
555.8,-0.32
556.17,0.04
556.74,-0.13
557.8,-0.17
558.31,-0.12
559.2,-0.74
559.2,-0.43
559.69,-0.6
559.97,-0.59
562.1,-0.84
563.1,-0.55
563.41,0.15
564.75,-0.38
566.02,-0.4
568.17,-0.33
568.28,0
568.3,-0.33
569.83,-0.36
571.39,-0.57
572.1,-0.36
572.39,0.35
573.15,-0.58
574.1,-0.29
574.2,-0.19
575,-0.15
577.77,-0.12
579.2,-0.31
579.69,-0.35
580.96,-0.03
583.03,0.46
583.4,-0.08
584.3,0.11
585,-0.56
585.35,-0.04
586.8,-2.49
587.5,0
588.9,-0.67
589.7,-0.32
591.5,-0.3
593.65,-0.51
593.8,0.02
594.5,0.26
596.77,-1.51
596.8,-0.23
596.87,-0.35
597.8,0.25
599.21,-0.23
599.4,0.08
599.6,0.03
600,-0.78
601.89,0.22
603.31,0.15
603.7,-0.12
604.97,-0.82
606.5,-0.03
606.8,0.09
607.02,0.17
607.6,-0.31
608.43,0.55
608.97,0.38
610.92,0.04
612.58,0.34
613.4,0.26
614.4,-1.85
614.46,-0.01
615.02,-1.2
615.5,-1.48
616.1,0.21
616.49,0.27
618.83,0.08
619.7,-0.26
619.8,0.38
619.85,-0.04
620.68,0.55
621.4,0.57
622.6,-1.22
622.73,0.28
623.83,0.36
624.69,-0.48
625.2,0.14
626.34,2.12
627.03,0.03
628.39,-0.66
628.49,-0.95
630.5,-0.12
630.8,-0.31
631,-0.59
631.4,0.47
631.7,0.45
632,-2.4
632.4,-1.18
633.3,0.07
634.45,0.23
634.6,-0.47
636.27,0.12
636.5,-0.52
636.59,-0.88
637.5,0.69
637.96,-1.44
638.2,0.25
640.21,-1.51
640.4,-1.75
642.1,0.48
642.43,-0.11
644.5,-2.49
645.2,-1.6
645.89,0.26
646.65,-2.43
647.3,-0.31
647.7,-0.54
648.3,-0.19
648.5,-1.34
650.75,-1.53
650.9,0.18
651.9,-1.53
652.6,-0.49
652.7,-0.8
653.59,0.49
653.8,0.37
653.85,-0.71
653.87,-1.65
655.9,0.25
657.87,-1.54
657.9,-2.12
659.34,-1.66
659.49,-0.08
660,0.08
660,0.77
661.87,-1.42
663,-1.73
663.92,-1.25
665.26,-1.24
665.58,-0.36
667.54,-1.08
668.4,-0.7
669.59,-0.33
671.24,-0.65
671.55,-1.31
672,-1.37
672.83,-2.14
673.49,-1.15
675.15,-1.23
677.3,-2.2
677.5,-1.23
677.58,-0.83
679.5,-0.23
680.13,-2.31
680.9,-1.53
682.27,-2.15
683.35,-1.89
684.03,-2.67
685.69,-1.99
686.4,-1.33
687.2,-0.99
687.54,-1.42
690.7,-1.41
690.79,-1.88
690.96,-2.23
693.1,-0.58
693.11,-2
695.16,-2
697.2,-1.25
697.21,-2.09
698.96,-1.89
700.72,-2.21
700.8,-3.23
702.77,-2.53
703.62,-2.35
704.2,-0.35
704.4,-1.4
705.21,-1.45
707.07,-1.45
709.41,-1.14
710.5,-0.78
710.8,-1.45
711.06,-2.1
711.75,-1.18
712.5,-0.46
713.24,-3.59
713.61,-1.78
714,-2.14
714.1,-0.64
715.5,-2.86
715.56,-1.59
715.7,-0.41
717.6,-2.11
717.6,-2.59
717.71,-1.38
718.1,-1.66
719.2,-0.92
719.46,-1.32
719.8,-4.75
720,-1.62
721.51,-1.29
722.2,1.86
723.17,-1.59
723.3,-0.8
724.7,-2.68
724.8,-1.43
725.32,-0.97
726.07,-3.02
727.1,-1.68
727.37,-1.33
727.5,-1.86
728,-2.17
728.15,-1.75
729,-2.37
729.91,-0.61
730,-3.38
731.3,-1.94
731.5,-1.05
731.86,0.24
732,0.42
733.25,-2.09
733.91,-1.35
735.3,-0.02
735.5,-1.7
735.9,-2.39
735.96,-1.14
736.59,-1.6
737.3,-1.49
738,-2.09
738.11,-1.95
738.7,-1.89
740.35,-0.74
740.5,-1.33
741.8,-2.03
743.18,-1.97
743.77,-2.24
743.9,-1.84
744.4,-2.21
745.3,-0.28
745.4,-0.94
745.52,-2.94
745.8,-2.91
747.3,-1.97
747.3,-2.66
748.1,-1.89
748.65,-2.38
749.16,-2.71
750.4,-2.72
751.97,-1.6
752.2,-3.43
752.3,-1.86
752.7,-2.15
752.8,-2.98
754.03,-3.07
754.7,-1.96
755.2,-2.84
755.6,0.13
755.8,-3.17
756.16,-2.13
756.3,-1.1
757.8,-1.25
758.4,-3.17
758.7,-2.02
758.9,-2.94
759.77,-1.81
760.4,-3.35
761,-2.45
761.3,-0.48
761.3,-0.47
762.3,-2.32
762.4,-2.72
762.51,-2.34
762.8,-4.48
763.78,-2.53
764.55,-1.12
766.5,-2.63
766.9,-2.41
767,-2.26
767.8,0.01
769.1,-1.01
769.4,-2.25
769.8,-2
770.32,-1.79
771.1,-1.98
771.2,-1.36
771.99,-1.39
772.1,-0.4
772.37,-2.05
773,0.56
774.12,-0.62
774.8,-1.59
774.8,-0.35
775.2,-1.77
775.88,-2.18
776.3,-1.49
777.25,-1.12
777.5,-1
777.73,-1.34
777.77,-1.87
777.9,-0.73
778.28,-0.88
778.32,-1.14
778.4,-1.19
778.41,-0.21
778.7,-1.1
778.92,-1.11
779,-0.97
779.18,-1.42
779.2,-0.42
779.56,-0.48
779.59,-0.55
779.88,2.03
781,-1.17
781,0.43
781.1,-1.13
782.6,-1.97
785.08,1.71
785.59,1.63
785.98,2.66
786.75,1.95
786.8,-1.18
787.3,2.08
787.6,1.71
787.7,1.77
787.9,2.27
788,1.77
788.4,-0.56
788.4,1.73
789,1.78
789.05,1.41
789.3,-1.13
789.5,2.01
790,2.06
790.1,-0.91
790.4,3.09
790.7,2.09
790.98,2.16
791,1.91
791,2.15
791.1,1.71
791.59,2.31
791.6,1.75
791.7,2.14
792.01,1.98
792.1,1.35
792.1,2.12
792.8,2.95
792.86,2.42
793.2,2.28
793.2,2.39
793.3,4.46
793.42,2.36
793.5,2.72
794,2.45
794.4,2.2
794.4,2.8
794.83,2.37
795,1.87
795.1,2.34
795.5,2.2
795.7,2.33
795.8,2.66
796.37,2.78
796.4,2.6
796.6,2.33
796.7,2.38
796.8,3.39
797.06,4.5
797.1,2.62
797.6,2.31
797.78,2.51
797.83,2.34
797.9,2.55
798.1,2.61
798.2,2.72
798.3,3.82
798.6,2.16
798.72,2.14
798.72,2.58
799,2.37
799.1,2.5
799.6,1.79
799.8,3.56
799.83,2.87
800.18,4.23
800.2,2.78
800.3,3.66
800.7,2.96
800.9,2.76
800.9,3.39
801,3.96
801.11,2.63
801.2,2.58
801.55,3.55
801.6,3.31
801.9,2.79
801.9,2.85
802,3.28
802.7,2.98
802.9,2.82
802.97,1.93
803,3.91
803.1,3.92
803.59,1.98
803.6,2.85
803.68,3.12
803.7,3.47
803.9,2.82
804,4.39
804.38,3.83
804.39,-1.01
804.7,3.42
804.7,2.66
805,2.97
805.1,3.47
805.2,3.01
805.28,2.87
805.75,3.75
805.9,2.73
806.25,2.66
806.6,3.3
806.7,3.23
806.7,2.84
807.21,4.33
807.5,2.94
808.2,3.78
808.87,3.73
808.92,2.53
808.94,2.92
809,3.04
809.2,3.77
809.5,3.37
809.5,4.03
809.6,3.52
810.3,4.48
811.3,3.29
811.4,2.29
811.5,4.16
811.8,3.25
812.37,2.44
813.7,3.67
814,5.11
814.1,3.7
814.5,2.77
816.2,4.61
816.4,3.66
816.81,4.29
816.9,1.03
818.7,4.73
819.12,2.98
820.3,2.52
821.16,3.41
822,4.09
822,4.33
822.49,3.19
822.9,3.5
824.53,3.47
825.9,2.84
827.99,3.8
828.5,4.88
828.9,3.23
829.3,4.34
830,4.2
830.91,3.83
831.9,3.35
835.4,5.87
836.3,4.62
836.7,5.65
837.4,5.28
837.4,5.93
839.07,5.14
839.2,6.68
840.3,5.18
841.29,5.82
843.3,4.58
843.4,3.8
844.1,4.56
844.8,5.16
845.73,4.66
846.1,5.63
846.2,6.24
846.8,3.94
849.2,5.86
849.4,5.86
849.4,6.26
849.72,5.37
852,5.95
852.4,6.08
852.73,5.24
853,6.29
855,5.62
855.2,6.11
858.3,7.78
858.9,4.25
859,5.54
861.3,6.75
862.4,4.63
863.3,6.25
864.5,5.62
865.1,5.04
868.2,4.66
871,5.5
871.2,5.35
872.8,4.57
874.2,4.95
876.77,6.84
877.2,4.36
878.3,4.81
878.8,4.83
879.7,4.35
880,5.56
881.2,6.86
883,5.07
883,5.4
884.2,4.2
887.5,4.83
887.5,4.52
888.8,4.85
890.3,4.61
890.3,4.73
890.4,4.74
892.4,3.42
892.4,4.33
894.9,4.35
895.5,5.19
895.84,7.48
897.3,4.51
897.61,4.72
898.5,4.34
898.9,6.9
900.14,5.27
900.72,4.42
901.8,4.98
902.8,5.52
906.8,2.77
906.9,5.66
908.9,3.54
911.3,4
911.36,5.09
914.6,3.99
917.3,4.88
917.3,6.14
918.5,6.05
921,4.94
921.6,6.11
922.01,5.31
922.3,5.36
929.2,4.38
930.2,4.84
930.88,4.58
932.7,4.94
936.1,5.84
936.2,4.87
942.2,4.31
945.9,5.04
949.5,5.28
951.5,5
956.1,5.55
957.93,5.16
959.1,4.46
960.2,5.73
965.02,5.77
967.4,2.86
970.4,4.14
971.3,7.34
974.9,3.87
979.9,4.13
983.5,3.99
985.8,4.45
987.5,4.37
987.64,4.31
991.3,8.35
993.8,4.11
994.7,4.15
1000.2,3.31
1004.05,3.89
1012.4,3.61
1013.04,4.21
1014.36,4.03
1017.01,4.81
1018.3,6.49
1019.4,3.65
1020.18,4.35
1020.2,4.33
1021.7,4.09
1022.6,3.8
1023.2,3.82
1023.3,5.1
1024.2,3.94
1025.47,4.2
1025.6,5.05
1027.1,3.35
1030.8,4.06
1031.29,3.95
1031.29,4.12
1031.29,4.66
1032.7,4.23
1034.8,4.01
1035.1,5
1036,3.2
1036.6,4.07
1037.2,4.28
1040.5,3.53
1043,4.79
1043.73,5.85
1051.8,4.86
1052.8,4.87
1052.84,4.77
1055.9,5.6
1058.81,6.11
1060.3,5.56
1060.66,5.43
1061,5.13
1061.3,5.23
1063.04,6.07
1066.9,5.46
1069.7,5.63
1071.1,5.1
1071.5,4.65
1074.2,5.68
1077.2,5.88
1079.7,5.86
1080.2,5.63
1083.2,5.53
1087.3,4.4
1087.7,6.04
1087.91,5.18
1090.6,5.06
1090.82,5.58
1092.3,4.39
1093.7,6.48
1097.69,5.12
1098.8,4.96
1100.9,3.97
1103.9,6.03
1108.7,6.08
1109.86,6.05
1112.4,4.59
1112.5,5.44
1115.7,3.86
1116.3,5.81
1119.8,6.53
1121.24,4.36
1124.7,3.96
1125,4.86
1125.1,5.59
1125.3,5.73
1125.6,4.93
1125.9,5.2
1125.9,4.97
1126.2,5.5
1133.9,5.67
1134.23,7.16
1134.4,4.19
1135.2,5.87
1136,6.39
1137,6.33
1137.3,6.4
1138,6.38
1141.3,5.93
1142.4,6.28
1142.7,4.89
1144.6,6.53
1147.1,5.55
1150,6.47
1151.7,6.24
1154.7,6.09
1156.5,6.81
1156.7,6.77
1157.5,5.92
1161.1,7.03
1164.5,7.09
1166.7,7.3
1167.8,7.14
1172,6.7
1175,7.01
1177.14,5.94
1178.2,6.4
1178.3,6.62
1182.21,5.52
1183,5.9
1185.5,5.52
1186.5,5.35
1186.74,5.37
1190.2,5.74
1198,4.97
1204.3,5.82
1205.76,5.67
1208.7,4.06
1220,4.57
1222.9,6.36
1226.58,7.4
1229.3,6
1230.3,6.47
1234.1,7.38
1237,7.28
1242,7.31
1246,6.73
1250.1,6.25
1254.6,5.72
1259.1,7.06
1262.1,6.73
1265.7,5.87
1266.6,6.71
1274,4.98
1277.6,4.13
1281.63,7.12
1282.1,7.2
1291.5,6.65
1294.2,5.17
1294.49,5.73
1298.6,7.08
1302,7.17
1305.2,7.2
1307.8,7.41
1311.7,6.74
1314.4,6.32
1318,5.71
1318.94,7.19
1321,7.35
1324.5,5.91
1329,5.67
1333,5.94
1333.61,7.45
1334.5,6.18
1345.2,6.47
1355.2,3.93
1360.5,4.13
1363.12,6.1
1363.7,2.6
1367.8,3.88
1374.35,4.89
1374.9,5.7
1378,4.78
1381.1,4.87
1386.9,3.11
1387.63,5.02
1388.1,3.42
1388.66,4.4
1391.1,3.93
1392.28,3.21
1392.28,3.48
1394,3.46
1397.17,3.64
1397.8,2.84
1400.12,6.39
1402.24,2.99
1402.5,3.68
1405.1,3.13
1405.5,3.45
1407.7,5.09
1409,4.43
1410.4,4.77
1412.2,3.68
1412.4,5.34
1415,2.99
1415.1,2.69
1416.9,2.21
1418.6,2.21
1420.71,5.12
1422.5,6.04
1422.74,6.14
1424.51,3.16
1426.6,5.93
1428,7.05
1430.13,3.92
1430.4,5.3
1433.5,5.3
1433.7,5.63
1436.26,5.77
1437.1,4.72
1438,4.9
1438.46,4.91
1439.2,5.04
1439.67,4.47
1440,3.81
1444.5,6.25
1444.78,5.25
1445.1,4.59
1445.1,6.13
1447,5.67
1447,7.33
1447.3,6.37
1449,5.78
1449.4,4.64
1450.1,6.14
1453.1,7.68
1454.1,5.9
1456.2,7.34
1457.7,4.87
1459.2,7.61
1460.2,7.22
1460.69,8.02
1461,7.13
1462.3,7.33
1462.9,7.43
1464.9,10.84
1465.57,7.27
1466,7.68
1466.4,7.14
1468.2,7.55
1468.6,7.76
1469.1,7.75
1469.3,5.52
1471.8,8.02
1474.4,8.16
1475.4,7.48
1475.9,8.14
1476.94,7.8
1477.4,7.69
1477.6,5.35
1479,7.5
1481.1,7.99
1481.5,8.13
1486.1,8.11
1486.3,7.18
1486.48,7.07
1490.2,7.87
1490.5,6.54
1492.5,7.61
1492.5,7.07
1494.8,4.31
1496.9,6.28
1498.8,7.17
1502.2,7.34
1504.3,6.92
1504.6,7.59
1504.8,7.57
1508.1,7.4
1508.98,6.88
1511.3,6.87
1512,7.95
1513.5,7.53
1515.4,7.37
1516.7,5.01
1518.07,6.92
1523.2,7.5
1525.2,7.94
1526.7,7.02
1527.8,7.17
1527.8,8.31
1528.5,8.48
1529.3,8.26
1530.1,6.76
1534.32,7.44
1534.6,8.13
1534.7,7.18
1535.34,7.47
1535.9,7.07
1538.2,7.39
1538.8,7.83
1539,7.97
1542.16,7.3
1542.5,8
1545.5,8.29
1546.25,7.44
1549.4,8.29
1551.8,6.84
1554.9,8.29
1556.13,6.99
1556.9,7.85
1558.8,7.86
1561.1,7.33
1561.25,8.57
1564.7,6.16
1567.7,7.87
1570.34,8.38
1571.4,8.22
1571.9,7.58
1574.4,7.12
1575.3,6.67
1575.6,8.63
1576.8,8.06
1577.7,8.41
1578.63,6.01
1580.8,7.5
1582.4,8.23
1583.17,8.38
1583.9,6.74
1586.8,8.35
1587.72,8.02
1588.4,7.16
1590.3,7.77
1592.4,8.87
1592.4,8
1593.06,7.73
1595.4,6.4
1596.9,7.5
1597.9,6.22
1599.54,7.7
1601.7,4.6
1601.7,7.49
1602.38,7.16
1603.2,6.1
1606.2,5.79
1606.3,5.78
1606.58,8.19
1607.6,4.61
1609.2,3.72
1612.1,4.55
1612.2,5.44
1614.88,8.19
1615.3,6.15
1618.3,4.96
1621.2,5.32
1621.4,4.9
1624.99,5.85
1626.9,4.31
1628.2,5.36
1630.1,5.56
1635.56,8.25
1640.2,5.42
1643.62,7.79
1644.1,6.56
1650.44,6.29
1653.5,2.33
1655.89,6.24
1658,4.7
1662.94,6.16
1665.8,2.41
1668.85,6.87
1670,2.29
1671.2,2.2
1671.9,2.36
1676.7,4.82
1678.39,7.62
1681.5,4.31
1683.5,4.9
1685.7,4.89
1690.89,5.98
1691.2,5.84
1696.1,4.07
1697.71,6.77
1699.7,6.01
1705.55,7.21
1706.4,5.51
1708.6,6.33
1709.16,7.22
1710.5,6.67
1715.4,7.13
1715.43,7
1717.66,7.51
1719.4,6.71
1725.39,7.2
1728.9,7.24
1730.55,7.5
1731,7.01
1734.27,7.34
1734.9,6.45
1738.73,7.29
1739.3,7.32
1742.6,5.86
1743.55,8.04
1745.9,6.96
1749.9,4.74
1750.81,7.49
1753.16,8.51
1754.5,6.74
1757.1,5.54
1759.6,5.78
1761.32,7.02
1762.47,7.62
1764.2,6.49
1767.1,6.98
1768.5,7.12
1768.72,8.85
1776.62,8.14
1777,7.55
1777.25,7.65
1780.6,7.88
1782.88,7.23
1786.5,6.94
1791.2,7.27
1791.45,8.16
1795.65,7.97
1798,7.8
1800.19,7.01
1801.7,8.27
1804.63,8.62
1805.7,8.59
1808.45,7.9
1808.5,7.88
1811.7,6.57
1814.1,8.93
1816.1,8.16
1818.9,8.63
1819.27,7.99
1820.2,7.8
1823.6,9.22
1824.76,8.93
1828.1,7.65
1831.67,8.55
1831.9,8.2
1834.1,8.91
1834.8,7.6
1837.1,9.46
1840.1,7.69
1842.07,6.42
1843.1,8.11
1845.9,9.15
1846.1,8.68
1849.1,8.66
1849.41,8.2
1852.1,8.82
1854.51,7.99
1855.1,7.4
1858.1,9.12
1860.77,8.7
1861.1,8.71
1861.56,7.62
1864.1,7.72
1867.1,9.1
1869.35,8.62
1869.9,7.95
1873.1,8.49
1873.68,7.39
1874.2,7.76
1876.1,8.85
1876.92,7.75
1877.01,7.82
1877.3,6.87
1878.2,8.15
1879.1,8.9
1879.51,6.97
1880.6,7.65
1882.1,4.31
1882.22,7.35
1882.6,8.38
1885.1,8.3
1885.19,8.22
1885.3,8.04
1886.2,5.86
1888.1,8.36
1888.82,8.17
1890.53,8.14
1891.4,8.03
1893.4,5.67
1893.47,5.28
1894,5.8
1894.1,8.54
1894.7,5.34
1896.28,6.32
1897.03,6.44
1897.2,5.71
1898.23,7.2
1898.6,8.25
1899.52,2.07
1900.1,5.32
1900.35,1.76
1903.18,7.38
1904.53,7.19
1909.4,7.03
1912.1,7.31
1925.9,6.53
1927.85,7.26
1928.07,4.54
1930.33,6.24
1931.4,4.34
1934.32,4.5
1935.4,3.96
1937.1,2.88
1937.51,6.39
1937.7,3.42
1938.7,5.15
1938.9,3.63
1940.3,6.03
1940.3,3.71
1941.4,3.73
1944.95,4.52
1945.3,3.52
1946.1,4.05
1948.1,5.07
1949.53,5.39
1950.8,4.28
1952.5,4.51
1952.66,5.58
1953.4,3.4
1954.6,4.17
1955,3.36
1955.58,5.38
1955.7,4.66
1956.6,3.4
1956.8,4.64
1957.05,5.77
1957.9,3.62
1958.5,4.86
1958.6,4.19
1958.8,3.84
1958.9,3.67
1959,3.08
1959.4,4.19
1959.5,4.46
1960.16,5.68
1960.22,5.2
1960.4,4.79
1960.5,3.9
1960.9,4.77
1961,4.32
1961,3.3
1961,4.42
1961.1,4.44
1961.6,3.47
1962,5.32
1962.06,4.67
1962.6,5.47
1962.67,4.21
1963,5.52
1963.45,4.42
1963.5,4.31
1963.7,5.59
1964.6,5.86
1964.7,4.29
1964.96,4.12
1965.01,4.51
1965.3,5.69
1965.5,1.52
1965.9,1.14
1966.1,6.78
1966.2,5.24
1966.5,5.14
1967,2.64
1967.3,2.2
1967.5,4.7
1968,1.61
1968.1,4.9
1968.3,2.67
1968.5,3.02
1968.8,1.76
1969.7,2.03
1969.8,3.47
1969.9,4.65
1970.1,6.24
1971,2.91
1971,5.21
1971.5,3.18
1971.6,2.01
1971.6,6.71
1972.9,4.28
1972.9,7.03
1973.1,3.97
1973.3,3.48
1973.9,5.79
1973.97,5.84
1974,6.54
1974.6,6.67
1974.7,2.39
1975,3.98
1975.4,6.62
1975.66,6.53
1975.7,3.52
1976.1,6.38
1977.2,6.58
1977.5,6.53
1977.7,4.38
1978.1,2.56
1978.12,5.81
1979,2.72
1979.8,4.08
1979.8,6.88
1980.5,3
1980.6,6.85
1980.97,6.16
1981.5,3.01
1982,4.39
1982.1,6.94
1982.54,5.44
1982.7,3.62
1982.98,5.72
1983.28,6.43
1983.6,5.2
1983.88,6.22
1984.7,5.88
1985,3.96
1985.3,6.08
1986.2,4.45
1986.6,6.62
1987,4.35
1988.1,6.91
1989.1,4.11
1989.6,4.03
1990.8,7.38
1991,3.34
1991.9,4.15
1992.3,3.37
1992.4,7.21
1993,4.35
1994.8,6.65
1995,7.38
1995.6,5.23
1997,7.12
1997.8,6.32
1999.5,4.68
1999.8,3.76
2000.2,7.24
2001,7.05
2002.1,7.11
2003.1,7.2
2003.4,4.42
2003.5,7.34
2004.7,4.3
2005.8,5.06
2005.8,7.14
2006,6.87
2006.39,6.89
2007.14,6.91
2008,7.03
2010.28,5.4
2010.6,7.23
2011.6,5.19
2012,6.5
2016.6,7.2
2018.6,6.71
2020.6,7.18
2020.67,6.47
2022.02,7.11
2022.8,7.19
2025.6,7.15
2029.1,7.1
2037.3,2.3
2043.7,4.11
2045.6,4.61
2046.17,2.26
2047.4,4.76
2048.79,3.8
2048.8,2.6
2050.2,0.93
2050.8,1.05
2051.7,3.68
2052,2.88
2052.5,3.43
2054.5,5.71
2055.74,2.52
2058.5,4.06
2058.6,7.41
2059.18,3.42
2059.4,2.76
2061.5,3.39
2062,2.84
2062.92,4.59
2063.5,3.77
2063.9,1.6
2066.4,2.18
2066.58,3.69
2066.6,1.67
2068,2.2
2068.1,2.33
2069.2,4
2069.3,1.35
2070,0.45
2070,0.49
2071.8,0.37
2071.9,2.02
2072.04,3.69
2073.6,0.41
2073.7,0.56
2074.66,4.12
2076.2,1.67
2078,3.49
2078.1,1.68
2078.1,1.86
2079.1,0.96
2079.1,2.4
2079.5,0.49
2080.4,2.78
2080.4,3.14
2080.8,0.38
2080.9,5.62
2083.8,2.3
2084.2,3.03
2084.8,4.17
2085.1,3.54
2085.3,5.95
2086,4.54
2086.1,-1.01
2086.4,4.73
2086.6,5.21
2086.8,4.35
2087,4.72
2087.2,2.33
2089.32,-2.84
2091.4,5.21
2092.1,4.5
2092.23,-3.19
2092.98,-3.29
2094.25,-4.04
2095,4.69
2095.45,-3.99
2096.64,-3.98
2097.1,1.2
2097.5,-2.22
2101.6,2.84
2104,-0.27
2105.1,1.01
2106.07,-4.79
2107.1,-0.12
2108.76,-3.09
2109.5,0.08
2112,-1.63
2112.1,-0.28
2113.4,-0.87
2114.7,-2.65
2115.1,-2.45
2118.52,-1.37
2120.8,-3.78
2123.8,-2.6
2124,-4.37
2124,-3.68
2125.3,-4.03
2126,-4.9
2126.9,-4.43
2128.7,-5.42
2129,-4.84
2129.3,-5.02
2130,-5.72
2130.4,-6.01
2132.1,-5.57
2133.4,-6.24
2133.7,-3
2134.6,-5.1
2135,-5.4
2135.4,-4.79
2135.9,-5.83
2135.9,-2.92
2137.2,-6.48
2137.4,-5.16
2137.4,-4.92
2137.6,-5.44
2137.7,-6.11
2138,-4.92
2138.3,-5.82
2138.5,-4.98
2138.5,-3.52
2138.7,-5.89
2139.2,-3.54
2139.4,-4.65
2139.5,-5.24