"","height","d13C","age_median","age_min","age_max"
"1",0.2,3.52,816.81,813.17,820.36
"2",0.5,3.93,816.81,813.17,820.35
"3",1.3,6.96,816.79,813.16,820.34
"4",1.7,4.77,816.79,813.15,820.34
"5",3.4,4.01,816.76,813.12,820.31
"6",4,4.27,816.75,813.11,820.3
"7",5,3.65,816.73,813.1,820.28
"8",5.4,4.5,816.73,813.07,820.25
"9",6.1,4.18,816.72,813.05,820.24
"10",6.6,3.92,816.71,813.05,820.23
"11",9.1,3.89,816.67,813.01,820.19
"12",9.3,4.8,816.67,813,820.19
"13",9.8,5.95,816.66,813,820.18
"14",11.6,3.28,816.63,813.04,820.22
"15",12.9,3.04,816.61,813.02,820.2
"16",13.2,8.4,816.6,813.02,820.2
"17",13.5,2.7,816.6,813.01,820.19
"18",15.9,4.35,816.56,812.98,820.15
"19",16.3,4.33,816.55,812.97,820.15
"20",17,3.61,816.54,812.96,820.13
"21",19.8,4.89,816.5,812.92,820.09
"22",21,4.16,816.48,812.9,820.07
"23",22.2,6.45,816.46,812.88,820.05
"24",23,4.23,816.45,812.8,819.97
"25",25,6.1,816.42,812.77,819.93
"26",25.1,3.49,816.41,812.76,819.93
"27",30.4,2.33,816.33,812.68,819.84
"28",30.7,5.23,816.32,812.68,819.84
"29",32.7,4.44,816.29,812.64,819.81
"30",33,6.15,816.29,812.64,819.8
"31",38,5.55,816.21,812.56,819.72
"32",41,5.56,816.16,812.51,819.67
"33",41.5,4.06,816.15,812.5,819.66
"34",44.9,6.4,816.1,812.45,819.61
"35",47.4,3.83,816.06,812.41,819.56
"36",50,6.57,816.01,812.37,819.52
"37",50.5,6.5,816.01,812.36,819.51
"38",54.3,3.4,815.94,812.36,819.52
"39",60,3.7,815.85,812.27,819.42
"40",62,3.29,815.82,812.24,819.39
"41",62.9,2.4,815.8,812.23,819.37
"42",63.9,2.99,815.79,812.21,819.36
"43",64.5,3.21,815.78,812.2,819.35
"44",67.8,5.73,815.73,812.15,819.29
"45",70,3.34,815.69,812.11,819.25
"46",71,4.6,815.67,812.1,819.24
"47",73,3.84,815.64,812.06,819.2
"48",79.6,3.59,815.53,811.95,819.08
"49",81,5.18,815.51,811.93,819.06
"50",82.1,3.11,815.49,811.91,819.04
"51",87.6,2.55,815.4,811.82,818.95
"52",89,3.3,815.38,811.8,818.93
"53",89.1,2.95,815.38,811.8,818.92
"54",96.6,2.54,815.25,811.67,818.8
"55",98.6,2.22,815.22,811.64,818.76
"56",99.6,2.2,815.2,811.63,818.75
"57",102.2,1.78,815.16,811.58,818.7
"58",109,2.66,815.05,811.47,818.59
"59",116.9,1.68,814.92,811.34,818.45
"60",120.1,2.11,814.86,811.29,818.4
"61",128.8,1,814.72,811.14,818.24
"62",132.3,3.03,814.66,811.08,818.18
"63",134.5,3.07,814.62,811.05,818.15
"64",139,2.97,814.55,810.97,818.07
"65",140,2.92,814.53,810.96,818.05
"66",146.9,4.71,814.42,810.84,817.93
"67",147,3.19,814.42,810.84,817.93
"68",153.4,3.9,814.31,810.74,817.82
"69",156.4,1.99,814.26,810.69,817.77
"70",160,2.84,814.2,810.62,817.7
"71",161,4.26,814.18,810.6,817.68
"72",162.9,2.56,814.15,810.57,817.65
"73",164.1,3.27,814.13,810.55,817.63
"74",168.6,3.02,814.05,810.47,817.55
"75",174.1,4.7,813.96,810.38,817.45
"76",175.4,3.6,813.93,810.36,817.43
"77",179.5,2.15,813.86,810.29,817.36
"78",182,4.81,813.82,810.25,817.31
"79",183.4,3.95,813.8,810.22,817.29
"80",183.6,3.84,813.79,810.22,817.29
"81",188.1,3.2,813.72,810.14,817.21
"82",191,2.54,813.67,810.1,817.16
"83",192,3.08,813.65,810.08,817.14
"84",196.1,3.82,813.58,810.01,817.07
"85",200.6,1.78,813.5,809.93,816.99
"86",202.7,1.66,813.47,809.9,816.95
"87",202.7,1.79,813.47,809.9,816.95
"88",205.1,2.41,813.42,809.86,816.91
"89",208.4,3.29,813.37,809.8,816.85
"90",208.6,3.59,813.36,809.8,816.85
"91",208.9,3.52,813.36,809.79,816.84
"92",209,3.61,813.36,809.79,816.84
"93",209.3,3.49,813.35,809.79,816.83
"94",209.6,4.15,813.35,809.78,816.83
"95",209.8,4.02,813.34,809.78,816.83
"96",210.3,4,813.33,809.77,816.82
"97",210.6,3.99,813.33,809.76,816.81
"98",210.9,3.75,813.32,809.76,816.81
"99",211.1,4.06,813.32,809.76,816.8
"100",213.5,2.28,813.28,809.71,816.76
"101",213.8,3.76,813.27,809.71,816.75
"102",213.9,4.37,813.27,809.71,816.75
"103",214.3,4.37,813.27,809.7,816.75
"104",214.9,4.19,813.26,809.69,816.73
"105",215.2,4.9,813.25,809.68,816.73
"106",215.7,4.23,813.24,809.68,816.72
"107",216,1.98,813.24,809.67,816.72
"108",216,4.69,813.24,809.67,816.72
"109",216.7,4.77,813.22,809.66,816.7
"110",217,3.13,813.22,809.65,816.7
"111",217,4.95,813.22,809.65,816.7
"112",217.6,4.98,813.21,809.64,816.69
"113",218.6,4.83,813.19,809.63,816.67
"114",219.6,4.07,813.17,809.61,816.65
"115",219.6,5.32,813.17,809.61,816.65
"116",220.6,5.22,813.16,809.59,816.63
"117",221,5.25,813.15,809.58,816.63
"118",222.2,5.36,813.13,809.56,816.61
"119",222.4,2.25,813.13,809.56,816.6
"120",223.5,5.54,813.11,809.54,816.58
"121",223.7,4.8,813.1,809.54,816.58
"122",225.6,5.57,813.07,809.5,816.54
"123",225.7,2.29,813.07,809.5,816.54
"124",226.7,5.43,813.05,809.49,816.52
"125",227.2,3.82,813.04,809.48,816.52
"126",228.6,3.85,813.02,809.45,816.49
"127",230.3,5.32,812.99,809.42,816.46
"128",231.5,4.1,812.97,809.4,816.44
"129",232.2,5.9,812.95,809.39,816.43
"130",232.6,4.54,812.95,809.38,816.42
"131",234,4.77,812.92,809.36,816.39
"132",234.5,5.67,812.91,809.36,816.4
"133",235,5.36,812.91,809.35,816.39
"134",237.1,6.05,812.87,809.32,816.35
"135",238.7,5.99,812.84,809.29,816.32
"136",241,6.08,812.8,809.25,816.28
"137",241.3,5.63,812.79,809.25,816.27
"138",241.7,5.27,812.79,809.24,816.27
"139",243.4,6.48,812.76,809.21,816.24
"140",248.1,5.42,812.67,809.13,816.15
"141",248.3,6.43,812.67,809.12,816.15
"142",250.1,6.23,812.64,809.09,816.11
"143",254.4,6.65,812.56,809.02,816.04
"144",255.1,6.15,812.55,809,816.02
"145",257.8,6.83,812.5,808.96,815.97
"146",262.4,4.87,812.42,808.88,815.89
"147",281.7,6.97,812.08,808.54,815.53
"148",291.5,6.63,811.9,808.37,815.35
"149",305,7.21,811.66,808.12,815.1
"150",314.6,7.52,811.48,807.95,814.92
"151",315.5,4.76,811.47,807.94,814.91
"152",317.2,5.5,811.44,807.91,814.87
"153",318.5,6.72,811.41,807.88,814.85
"154",322,6.55,811.35,807.82,814.78
"155",323.7,6.94,811.32,807.79,814.75
"156",325.3,7.27,811.29,807.76,814.72
"157",329.2,7.42,811.22,807.7,814.65
"158",330.7,5.63,811.19,807.67,814.62
"159",334,6.77,811.13,807.61,814.56
"160",334.6,6.77,811.12,807.6,814.55
"161",335.1,7.76,811.11,807.59,814.54
"162",335.4,5.62,811.1,807.58,814.53
"163",337.9,5.95,811.06,807.54,814.49
"164",340.9,6.93,811,807.49,814.43
"165",344.3,6.17,810.94,807.42,814.37
"166",345.6,8.07,810.91,807.4,814.35
"167",349,6.37,810.85,807.35,814.3
"168",349.3,7.67,810.85,807.35,814.29
"169",352.3,6.61,810.79,807.29,814.23
"170",355,7.55,810.74,807.24,814.18
"171",355.5,6.21,810.73,807.24,814.17
"172",356.1,6.65,810.72,807.22,814.16
"173",356.6,7.37,810.71,807.22,814.15
"174",359.1,6.78,810.66,807.17,814.1
"175",361,6.65,810.63,807.13,814.07
"176",361.9,7.56,810.61,807.12,814.05
"177",362.7,6.79,810.6,807.08,814.02
"178",363.8,7.63,810.58,807.06,814
"179",366.7,6.55,810.52,807.01,813.94
"180",367.8,7.12,810.5,806.99,813.92
"181",368.4,7.46,810.49,806.98,813.91
"182",371.3,7.57,810.44,806.93,813.85
"183",372.7,6.26,810.41,806.9,813.83
"184",372.9,6.89,810.41,806.9,813.82
"185",373.6,7.61,810.39,806.88,813.81
"186",377,7.1,810.33,806.82,813.74
"187",378.3,6.29,810.31,806.8,813.72
"188",378.6,7.38,810.3,806.79,813.71
"189",380.7,6.8,810.26,806.75,813.67
"190",381.5,6.14,810.25,806.74,813.66
"191",383.5,5.86,810.21,806.7,813.62
"192",384.9,6.49,810.18,806.68,813.59
"193",387.6,7.53,810.13,806.63,813.54
"194",389.4,7.73,810.1,806.59,813.5
"195",391.5,6.4,810.06,806.55,813.46
"196",392.2,7.41,810.05,806.54,813.45
"197",392.5,6.51,810.04,806.53,813.44
"198",393.2,7.45,810.03,806.52,813.43
"199",394,7.09,810.01,806.5,813.41
"200",394.7,6.86,810,806.49,813.4
"201",395.2,6.56,809.99,806.48,813.39
"202",397.1,7.13,809.95,806.45,813.35
"203",399.3,6.66,809.91,806.4,813.31
"204",399.6,6.62,809.91,806.4,813.3
"205",399.7,6.49,809.91,806.4,813.3
"206",400.5,6.15,809.89,806.38,813.28
"207",402.1,7.14,809.86,806.35,813.25
"208",402.9,6.73,809.85,806.34,813.24
"209",404.8,6.42,809.81,806.3,813.2
"210",405,6.1,809.8,806.3,813.2
"211",405.6,7.56,809.79,806.29,813.19
"212",408.3,6.03,809.74,806.24,813.13
"213",409.4,5.92,809.72,806.22,813.11
"214",409.9,6.31,809.71,806.21,813.1
"215",410.2,4.17,809.71,806.2,813.1
"216",411.4,7.07,809.68,806.18,813.07
"217",411.6,7.34,809.68,806.18,813.07
"218",411.8,6.1,809.67,806.17,813.07
"219",413,6.37,809.65,806.15,813.04
"220",414.4,6.54,809.63,806.13,813.02
"221",414.4,7.27,809.63,806.13,813.02
"222",417.5,7.44,809.57,806.07,812.96
"223",417.7,6.83,809.56,806.06,812.95
"224",417.7,7.08,809.56,806.06,812.95
"225",418,6.05,809.56,806.06,812.95
"226",418.9,7.07,809.54,806.05,812.93
"227",420.6,6.35,809.51,806.02,812.9
"228",420.9,6.65,809.5,806.01,812.9
"229",421.8,6.36,809.48,805.99,812.88
"230",422.5,6.61,809.47,805.98,812.86
"231",425.2,6.94,809.42,805.92,812.81
"232",425.7,6.18,809.41,805.91,812.8
"233",425.8,6.38,809.41,805.91,812.79
"234",426.1,5.63,809.4,805.91,812.79
"235",426.4,7.13,809.4,805.91,812.79
"236",427,7.58,809.39,805.9,812.78
"237",427.2,7.06,809.38,805.89,812.77
"238",427.3,5.62,809.38,805.89,812.77
"239",428.5,6.22,809.36,805.87,812.75
"240",428.8,5.79,809.35,805.86,812.74
"241",430.4,7.1,809.32,805.83,812.71
"242",430.6,6.56,809.32,805.83,812.71
"243",431.1,7.84,809.31,805.82,812.7
"244",432.4,6.57,809.28,805.79,812.67
"245",433.1,5.43,809.27,805.78,812.65
"246",434.2,6.84,809.25,805.76,812.63
"247",434.5,6.2,809.24,805.75,812.63
"248",434.5,7.22,809.24,805.75,812.63
"249",434.7,6.89,809.24,805.75,812.62
"250",435.8,6.98,809.22,805.73,812.6
"251",437.1,5.84,809.19,805.7,812.58
"252",437.9,6.79,809.18,805.69,812.56
"253",438.3,6.8,809.17,805.68,812.55
"254",438.4,6.78,809.17,805.68,812.55
"255",438.5,7.07,809.16,805.68,812.55
"256",440.2,6.53,809.13,805.65,812.52
"257",440.8,6.68,809.12,805.63,812.5
"258",440.9,6.04,809.12,805.63,812.5
"259",441.2,6.53,809.11,805.63,812.5
"260",442.2,5.26,809.09,805.61,812.48
"261",443.2,5.79,809.07,805.59,812.46
"262",444.1,6.42,809.06,805.57,812.44
"263",444.4,6.97,809.05,805.56,812.43
"264",445.13,0.17,809.04,805.55,812.42
"265",445.4,6.2,809.03,805.55,812.41
"266",445.8,6.06,809.02,805.54,812.4
"267",445.9,6.01,809.02,805.54,812.4
"268",446.1,6.03,809.02,805.53,812.4
"269",446.2,5.84,809.02,805.53,812.4
"270",446.5,6.74,809.01,805.52,812.39
"271",447,5.96,809,805.51,812.38
"272",448.2,5.83,808.98,805.49,812.36
"273",449,3.73,808.96,805.48,812.34
"274",449,6.34,808.96,805.48,812.34
"275",449,6.35,808.96,805.48,812.34
"276",449.6,5.32,808.95,805.46,812.33
"277",450.5,6.45,808.93,805.45,812.31
"278",450.9,6,808.92,805.44,812.3
"279",451.2,6.21,808.92,805.43,812.29
"280",451.55,0.47,808.91,805.43,812.29
"281",451.7,6.1,808.91,805.42,812.28
"282",452.1,4.71,808.9,805.42,812.28
"283",452.2,6.25,808.9,805.41,812.27
"284",452.4,5.25,808.9,805.41,812.27
"285",453,5.2,808.88,805.4,812.26
"286",453.7,5.55,808.87,805.39,812.24
"287",454,0.6,808.86,805.38,812.24
"288",454.1,5.77,808.86,805.38,812.24
"289",454.4,0.33,808.86,805.37,812.23
"290",454.6,5.27,808.85,805.37,812.23
"291",455.2,6.13,808.84,805.36,812.21
"292",455.3,4.97,808.84,805.35,812.21
"293",455.7,0.16,808.83,805.35,812.2
"294",455.8,5.8,808.83,805.35,812.2
"295",456,0.25,808.82,805.34,812.2
"296",456.3,5.9,808.82,805.34,812.19
"297",456.4,-0.04,808.82,805.33,812.19
"298",456.5,-0.19,808.81,805.33,812.19
"299",456.7,4.67,808.81,805.33,812.18
"300",456.7,6.2,808.81,805.33,812.18
"301",456.7,6.23,808.81,805.33,812.18
"302",456.8,6.41,808.81,805.33,812.18
"303",457,-0.14,808.8,805.32,812.18
"304",457,4.39,808.8,805.32,812.18
"305",457.06,-0.77,808.8,805.32,812.18
"306",457.8,-0.07,808.79,805.31,812.16
"307",457.8,4.94,808.79,805.31,812.16
"308",457.9,4.78,808.79,805.3,812.16
"309",458.2,4.61,808.78,805.3,812.15
"310",458.4,4.24,808.78,805.3,812.15
"311",458.4,5.24,808.78,805.3,812.15
"312",458.4,-0.22,808.78,805.3,812.15
"313",458.6,6.65,808.77,805.29,812.15
"314",458.7,-0.25,808.77,805.29,812.14
"315",458.9,4.55,808.77,805.29,812.14
"316",459.3,6.08,808.76,805.28,812.13
"317",459.4,4.23,808.76,805.28,812.13
"318",459.4,-0.3,808.76,805.28,812.13
"319",459.6,4.76,808.75,805.27,812.13
"320",459.9,4.47,808.75,805.27,812.12
"321",460.1,4.57,808.74,805.26,812.12
"322",460.1,4.62,808.74,805.26,812.12
"323",460.2,3.62,808.74,805.26,812.11
"324",460.2,4.44,808.74,805.26,812.11
"325",460.5,5.65,808.74,805.25,812.11
"326",460.6,4.76,808.73,805.25,812.11
"327",460.6,4.82,808.73,805.25,812.11
"328",460.7,3.82,808.73,805.25,812.1
"329",460.7,3.85,808.73,805.25,812.1
"330",460.7,4.79,808.73,805.25,812.1
"331",460.8,-0.78,808.73,805.25,812.1
"332",460.8,4.71,808.73,805.25,812.1
"333",460.9,5.08,808.73,805.25,812.1
"334",461,-0.79,808.73,805.24,812.1
"335",461,4.27,808.73,805.24,812.1
"336",461.1,5.35,808.72,805.24,812.1
"337",461.2,5.23,808.72,805.24,812.09
"338",461.3,5.1,808.72,805.24,812.09
"339",461.4,4.88,808.72,805.24,812.09
"340",461.4,-0.89,808.72,805.24,812.09
"341",461.6,3.88,808.72,805.23,812.09
"342",461.6,4.69,808.72,805.23,812.09
"343",461.6,4.74,808.72,805.23,812.09
"344",461.7,4.85,808.71,805.23,812.08
"345",461.8,-0.6,808.71,805.23,812.08
"346",461.8,4.87,808.71,805.23,812.08
"347",462,1.17,808.71,805.23,812.08
"348",462,4.15,808.71,805.23,812.08
"349",462,4.23,808.71,805.23,812.08
"350",462.1,2.89,808.71,805.22,812.08
"351",462.1,4.55,808.71,805.22,812.08
"352",462.1,5.2,808.71,805.22,812.08
"353",462.3,-1.1,808.7,805.22,812.07
"354",462.3,2.26,808.7,805.22,812.07
"355",462.32,-0.53,808.7,805.22,812.07
"356",462.5,-1.06,808.7,805.22,812.07
"357",462.5,0.85,808.7,805.22,812.07
"358",462.5,0.92,808.7,805.22,812.07
"359",462.7,4.49,808.69,805.21,812.06
"360",462.7,4.66,808.69,805.21,812.06
"361",462.9,0.85,808.69,805.21,812.06
"362",462.9,4.7,808.69,805.21,812.06
"363",463,3.24,808.69,805.21,812.06
"364",463.1,5.07,808.69,805.2,812.06
"365",463.2,0.55,808.68,805.2,812.05
"366",463.2,4.93,808.68,805.2,812.05
"367",463.2,-1.15,808.68,805.2,812.05
"368",463.3,2.73,808.68,805.2,812.05
"369",463.4,1.22,808.68,805.2,812.05
"370",463.5,0.73,808.68,805.2,812.05
"371",463.7,0.72,808.67,805.19,812.04
"372",463.9,-0.06,808.67,805.19,812.04
"373",464,0.71,808.67,805.19,812.04
"374",464.1,-1.16,808.67,805.18,812.04
"375",464.1,0.21,808.67,805.18,812.04
"376",464.3,-0.44,808.66,805.18,812.03
"377",464.3,0.45,808.66,805.18,812.03
"378",464.5,0.61,808.66,805.18,812.03
"379",464.6,-1.22,808.66,805.17,812.03
"380",464.8,0.41,808.65,805.17,812.02
"381",465,-0.19,808.65,805.17,812.02
"382",465.1,0.68,808.65,805.17,812.02
"383",465.1,0.88,808.65,805.17,812.02
"384",465.2,-1.1,808.64,805.16,812.01
"385",465.4,-0.31,808.64,805.16,812.01
"386",465.68,-0.47,808.64,805.15,812.01
"387",465.7,-0.1,808.64,805.15,812
"388",465.8,-1.21,808.63,805.15,812
"389",465.8,-0.19,808.63,805.15,812
"390",465.9,-0.27,808.63,805.15,812
"391",466.2,-0.13,808.63,805.14,811.99
"392",466.3,0.3,808.62,805.14,811.99
"393",466.4,-1.36,808.62,805.14,811.99
"394",466.5,-0.13,808.62,805.14,811.99
"395",466.9,-0.62,808.61,805.13,811.98
"396",467,-0.58,808.61,805.13,811.98
"397",467,-0.56,808.61,805.13,811.98
"398",467.2,-0.36,808.61,805.12,811.97
"399",467.2,-0.27,808.61,805.12,811.97
"400",467.2,-0.02,808.61,805.12,811.97
"401",467.2,-1.46,808.61,805.12,811.97
"402",467.3,-0.5,808.6,805.13,811.98
"403",467.5,-0.58,808.6,805.13,811.98
"404",467.58,-0.19,808.6,805.12,811.97
"405",467.6,0.48,808.6,805.12,811.97
"406",467.7,-0.49,808.6,805.12,811.97
"407",467.93,-0.53,808.59,805.12,811.97
"408",468,-0.94,808.59,805.12,811.97
"409",468,-0.86,808.59,805.12,811.97
"410",468.4,-0.58,808.58,805.1,811.95
"411",468.4,-1.45,808.58,805.1,811.95
"412",468.9,-0.34,808.57,805.09,811.94
"413",468.9,-1.14,808.57,805.09,811.94
"414",469,-1.2,808.57,805.09,811.94
"415",469.2,-1.49,808.57,805.08,811.93
"416",469.6,-1.14,808.56,805.08,811.92
"417",469.8,-1.41,808.56,805.07,811.92
"418",469.8,-0.37,808.56,805.07,811.92
"419",470,-1.47,808.55,805.07,811.92
"420",470.1,-0.5,808.55,805.07,811.91
"421",470.2,-1.15,808.55,805.07,811.91
"422",470.6,-1.25,808.54,805.06,811.9
"423",470.66,-1.24,808.54,805.06,811.9
"424",471,-1.08,808.53,805.05,811.9
"425",471.4,-0.47,808.52,805.04,811.89
"426",471.4,0.9,808.52,805.04,811.89
"427",471.4,-1.45,808.52,805.04,811.89
"428",471.5,-0.76,808.52,805.04,811.89
"429",472,-1.09,808.51,805.03,811.88
"430",472.03,-1.39,808.51,805.03,811.87
"431",472.2,-0.59,808.51,805.03,811.87
"432",472.3,-1.5,808.51,805.03,811.87
"433",472.3,-0.88,808.51,805.03,811.87
"434",472.5,-0.52,808.5,805.02,811.87
"435",472.71,-0.19,808.5,805.02,811.86
"436",473,-1.13,808.49,805.01,811.86
"437",473.3,-1.3,808.49,805.01,811.85
"438",473.5,-1.01,808.48,805,811.85
"439",473.5,-0.77,808.48,805,811.85
"440",473.98,-1.36,808.47,805,811.84
"441",474,-1.28,808.47,805,811.84
"442",474.18,-1.33,808.47,804.99,811.84
"443",474.3,-0.6,808.47,804.99,811.83
"444",474.5,-1.3,808.46,804.99,811.83
"445",474.5,-0.55,808.46,804.99,811.83
"446",474.6,-1.05,808.46,804.98,811.83
"447",475.5,-0.17,808.44,804.97,811.81
"448",475.7,-0.68,808.44,804.96,811.8
"449",475.74,-0.27,808.44,804.96,811.8
"450",476,-1.02,808.43,804.96,811.8
"451",476.3,-0.61,808.43,804.95,811.79
"452",476.8,-1.25,808.42,804.94,811.78
"453",476.8,-0.89,808.42,804.94,811.78
"454",476.95,-0.33,808.41,804.94,811.78
"455",477,-1.11,808.41,804.94,811.78
"456",477.1,-0.8,808.41,804.94,811.78
"457",477.3,-1.49,808.41,804.93,811.77
"458",477.7,-0.7,808.4,804.92,811.76
"459",478.23,-0.4,808.39,804.91,811.75
"460",478.3,-1.16,808.39,804.91,811.75
"461",478.4,-0.54,808.39,804.91,811.75
"462",478.8,-1.17,808.38,804.9,811.74
"463",479.06,-1.3,808.37,804.9,811.74
"464",479.2,-1.16,808.37,804.9,811.73
"465",479.7,-0.77,808.36,804.88,811.72
"466",480.2,-1.16,808.35,804.87,811.71
"467",480.5,-0.97,808.34,804.86,811.7
"468",480.62,-0.9,808.34,804.86,811.7
"469",480.81,-1.37,808.34,804.86,811.7
"470",481.2,-1.29,808.33,804.85,811.69
"471",481.2,-0.95,808.33,804.85,811.69
"472",481.7,-0.82,808.32,804.84,811.68
"473",481.8,-0.87,808.32,804.84,811.68
"474",482.5,-1.11,808.3,804.83,811.66
"475",482.6,-1.29,808.3,804.82,811.66
"476",483.2,-1.01,808.29,804.81,811.65
"477",483.9,-1.22,808.28,804.8,811.63
"478",484.1,-1,808.27,804.79,811.63
"479",484.39,-0.11,808.27,804.79,811.62
"480",484.4,-1.22,808.27,804.79,811.62
"481",484.7,-1.23,808.26,804.78,811.62
"482",484.7,-1.05,808.26,804.78,811.62
"483",485.1,-1.06,808.25,804.78,811.61
"484",485.3,-1.28,808.25,804.77,811.6
"485",485.5,-1.14,808.24,804.77,811.6
"486",485.7,-1.24,808.24,804.76,811.6
"487",485.7,-1.16,808.24,804.76,811.6
"488",486,-1.2,808.24,804.76,811.59
"489",486.4,-1.16,808.23,804.75,811.58
"490",486.6,-0.91,808.22,804.75,811.58
"491",486.7,-1.26,808.22,804.74,811.58
"492",487.1,-0.83,808.21,804.74,811.57
"493",487.4,-0.86,808.21,804.73,811.56
"494",487.55,-1.29,808.2,804.73,811.56
"495",487.7,-1.04,808.2,804.72,811.55
"496",487.8,-1.21,808.2,804.72,811.55
"497",488.9,-1.37,808.18,804.7,811.53
"498",489,-1.27,808.18,804.7,811.53
"499",489.77,-0.08,808.16,804.68,811.51
"500",489.89,-1.38,808.16,804.68,811.51
"501",490.6,-1.29,808.14,804.67,811.5
"502",491.6,-0.63,808.12,804.65,811.47
"503",493.7,-1.16,808.08,804.61,811.43
"504",494.2,-1.17,808.07,804.6,811.42
"505",494.87,-1.31,808.06,804.58,811.41
"506",495.4,-1.32,808.05,804.57,811.4
"507",496.1,-1.25,808.03,804.56,811.39
"508",497.3,-1,808.01,804.54,811.36
"509",497.31,-1.38,808.01,804.54,811.36
"510",497.47,0.23,808.01,804.53,811.36
"511",498.1,-1.09,807.99,804.52,811.35
"512",498.8,-0.86,807.98,804.51,811.33
"513",499.3,-1.19,807.97,804.5,811.32
"514",499.55,-1.31,807.96,804.49,811.32
"515",500.9,-1.36,807.94,804.47,811.29
"516",500.9,-1.35,807.94,804.47,811.29
"517",501.1,-1.18,807.93,804.46,811.29
"518",501.7,-1.37,807.92,804.45,811.27
"519",502.5,-0.99,807.91,804.44,811.26
"520",503.26,-1.34,807.89,804.41,811.23
"521",503.6,-0.95,807.88,804.4,811.22
"522",504.6,-1.22,807.86,804.38,811.2
"523",504.73,-2.1,807.86,804.38,811.2
"524",506.39,-1.34,807.83,804.35,811.16
"525",506.71,0.15,807.82,804.34,811.16
"526",508.73,-0.35,807.78,804.3,811.12
"527",508.8,-1.42,807.78,804.3,811.11
"528",509.8,-0.65,807.76,804.28,811.09
"529",509.8,-1.12,807.76,804.28,811.09
"530",509.9,-1.42,807.76,804.28,811.09
"531",511.97,-0.13,807.72,804.24,811.05
"532",512.05,-0.79,807.71,804.24,811.05
"533",513.5,-1.4,807.68,804.21,811.02
"534",513.9,-1.5,807.68,804.2,811.01
"535",514.88,-1.15,807.66,804.18,810.99
"536",516.9,-0.78,807.62,804.14,810.95
"537",517.22,-1.4,807.61,804.14,810.94
"538",517.35,-0.43,807.61,804.14,810.94
"539",518.1,-1.33,807.59,804.12,810.93
"540",520,-1.28,807.55,804.09,810.89
"541",520.54,-0.82,807.54,804.07,810.88
"542",521.2,-0.56,807.53,804.06,810.86
"543",522.2,-0.59,807.51,804.04,810.84
"544",523.64,-0.21,807.48,804.01,810.81
"545",523.86,-0.51,807.48,804.01,810.81
"546",524.2,-1.11,807.47,804,810.8
"547",525.1,-0.41,807.45,803.98,810.78
"548",526,-0.8,807.43,803.97,810.76
"549",527.66,-0.61,807.4,803.93,810.73
"550",529.32,-0.63,807.36,803.9,810.7
"551",530.3,-0.05,807.34,803.88,810.68
"552",530.44,-0.32,807.34,803.88,810.67
"553",534.5,-1.75,807.26,803.8,810.59
"554",534.9,-0.05,807.25,803.79,810.58
"555",536.47,-0.21,807.22,803.76,810.56
"556",536.6,-0.14,807.22,803.76,810.55
"557",536.64,-0.78,807.22,803.76,810.55
"558",538.79,-0.4,807.17,803.72,810.51
"559",539.6,-0.11,807.16,803.7,810.49
"560",541.6,-0.3,807.12,803.66,810.45
"561",541.62,-0.4,807.12,803.66,810.45
"562",542.6,-1.07,807.1,803.64,810.43
"563",545.1,-0.57,807.05,803.59,810.38
"564",545.72,-0.13,807.03,803.58,810.36
"565",546.9,-1.03,807.01,803.56,810.34
"566",548.26,-0.01,806.98,803.52,810.3
"567",549.3,0.32,806.96,803.5,810.28
"568",550.02,0.08,806.94,803.48,810.26
"569",550.5,-0.46,806.93,803.47,810.25
"570",550.8,-0.75,806.93,803.47,810.25
"571",552.36,0.07,806.9,803.43,810.21
"572",553.27,0.19,806.88,803.42,810.2
"573",554.3,-0.44,806.86,803.4,810.17
"574",555.8,-0.32,806.83,803.41,810.18
"575",556.17,0.04,806.82,803.4,810.18
"576",556.74,-0.13,806.81,803.39,810.16
"577",557.8,-0.17,806.78,803.37,810.14
"578",558.31,-0.12,806.77,803.36,810.13
"579",559.2,-0.74,806.76,803.34,810.11
"580",559.2,-0.43,806.76,803.34,810.11
"581",559.69,-0.6,806.75,803.33,810.1
"582",559.97,-0.59,806.74,803.32,810.1
"583",562.1,-0.84,806.7,803.28,810.05
"584",563.1,-0.55,806.68,803.26,810.03
"585",563.41,0.15,806.67,803.25,810.02
"586",564.75,-0.38,806.64,803.19,809.96
"587",566.02,-0.4,806.62,803.17,809.94
"588",568.17,-0.33,806.57,803.12,809.89
"589",568.28,0,806.57,803.12,809.89
"590",568.3,-0.33,806.57,803.12,809.89
"591",569.83,-0.36,806.54,803.09,809.86
"592",571.39,-0.57,806.51,803.06,809.82
"593",572.1,-0.36,806.49,803.04,809.81
"594",572.39,0.35,806.48,803.04,809.8
"595",573.15,-0.58,806.47,803.02,809.79
"596",574.1,-0.29,806.45,803,809.77
"597",574.2,-0.19,806.45,803,809.77
"598",575,-0.15,806.43,802.98,809.75
"599",577.77,-0.12,806.37,802.93,809.69
"600",579.2,-0.31,806.34,802.9,809.66
"601",579.69,-0.35,806.33,802.89,809.65
"602",580.96,-0.03,806.31,802.86,809.62
"603",583.03,0.46,806.27,802.82,809.58
"604",583.4,-0.08,806.26,802.81,809.57
"605",584.3,0.11,806.24,802.8,809.55
"606",585,-0.56,806.22,802.78,809.54
"607",585.35,-0.04,806.22,802.77,809.53
"608",586.8,-2.49,806.19,802.75,809.5
"609",587.5,0,806.17,802.73,809.49
"610",588.9,-0.67,806.14,802.7,809.46
"611",589.7,-0.32,806.13,802.69,809.44
"612",591.5,-0.3,806.09,802.65,809.4
"613",593.65,-0.51,806.04,802.61,809.36
"614",593.8,0.02,806.04,802.6,809.35
"615",594.5,0.26,806.03,802.59,809.34
"616",596.77,-1.51,805.98,802.54,809.29
"617",596.8,-0.23,805.98,802.54,809.29
"618",596.87,-0.35,805.98,802.54,809.29
"619",597.8,0.25,805.96,802.56,809.31
"620",599.21,-0.23,805.93,802.53,809.28
"621",599.4,0.08,805.92,802.53,809.27
"622",599.6,0.03,805.92,802.52,809.27
"623",600,-0.78,805.91,802.51,809.26
"624",601.89,0.22,805.87,802.48,809.22
"625",603.31,0.15,805.84,802.45,809.19
"626",603.7,-0.12,805.83,802.44,809.18
"627",604.97,-0.82,805.81,802.41,809.16
"628",606.5,-0.03,805.77,802.38,809.12
"629",606.8,0.09,805.77,802.38,809.12
"630",607.02,0.17,805.76,802.37,809.11
"631",607.6,-0.31,805.75,802.36,809.1
"632",608.43,0.55,805.73,802.34,809.08
"633",608.97,0.38,805.72,802.33,809.07
"634",610.92,0.04,805.68,802.29,809.03
"635",612.58,0.34,805.65,802.25,808.99
"636",613.4,0.26,805.63,802.24,808.97
"637",614.4,-1.85,805.61,802.22,808.95
"638",614.46,-0.01,805.61,802.21,808.95
"639",615.02,-1.2,805.6,802.2,808.94
"640",615.5,-1.48,805.59,802.19,808.92
"641",616.1,0.21,805.57,802.18,808.91
"642",616.49,0.27,805.57,802.17,808.9
"643",618.83,0.08,805.52,802.13,808.85
"644",619.7,-0.26,805.5,802.11,808.83
"645",619.8,0.38,805.49,802.11,808.83
"646",619.85,-0.04,805.49,802.1,808.83
"647",620.68,0.55,805.48,802.09,808.81
"648",621.4,0.57,805.46,802.07,808.8
"649",622.6,-1.22,805.44,802.05,808.77
"650",622.73,0.28,805.43,802.05,808.77
"651",623.83,0.36,805.41,802.02,808.74
"652",624.69,-0.48,805.39,802.01,808.72
"653",625.2,0.14,805.38,802,808.71
"654",626.34,2.12,805.35,801.97,808.69
"655",627.03,0.03,805.34,801.96,808.67
"656",628.39,-0.66,805.31,801.93,808.65
"657",628.49,-0.95,805.31,801.93,808.64
"658",630.5,-0.12,805.27,801.89,808.6
"659",630.8,-0.31,805.26,801.88,808.59
"660",631,-0.59,805.26,801.88,808.59
"661",631.4,0.47,805.25,801.87,808.58
"662",631.7,0.45,805.24,801.86,808.57
"663",632,-2.4,805.23,801.85,808.57
"664",632.4,-1.18,805.23,801.85,808.56
"665",633.3,0.07,805.21,801.83,808.54
"666",634.45,0.23,805.18,801.8,808.51
"667",634.6,-0.47,805.18,801.8,808.51
"668",636.27,0.12,805.14,801.76,808.47
"669",636.5,-0.52,805.14,801.76,808.47
"670",636.59,-0.88,805.14,801.76,808.47
"671",637.5,0.69,805.12,801.74,808.45
"672",637.96,-1.44,805.11,801.73,808.44
"673",638.2,0.25,805.1,801.72,808.43
"674",640.21,-1.51,805.06,801.68,808.39
"675",640.4,-1.75,805.06,801.67,808.38
"676",642.1,0.48,805.02,801.64,808.35
"677",642.43,-0.11,805.01,801.63,808.34
"678",644.5,-2.49,804.97,801.59,808.3
"679",645.2,-1.6,804.95,801.57,808.28
"680",645.89,0.26,804.94,801.56,808.26
"681",646.65,-2.43,804.92,801.54,808.25
"682",647.3,-0.31,804.91,801.53,808.23
"683",647.7,-0.54,804.9,801.52,808.23
"684",648.3,-0.19,804.88,801.5,808.21
"685",648.5,-1.34,804.88,801.5,808.21
"686",650.75,-1.53,804.83,801.45,808.16
"687",650.9,0.18,804.83,801.45,808.16
"688",651.9,-1.53,804.81,801.43,808.13
"689",652.6,-0.49,804.79,801.41,808.12
"690",652.7,-0.8,804.79,801.41,808.12
"691",653.59,0.49,804.77,801.39,808.1
"692",653.8,0.37,804.77,801.38,808.09
"693",653.85,-0.71,804.76,801.38,808.09
"694",653.87,-1.65,804.76,801.38,808.09
"695",655.9,0.25,804.72,801.34,808.05
"696",657.87,-1.54,804.68,801.3,808
"697",657.9,-2.12,804.68,801.3,808
"698",659.34,-1.66,804.65,801.18,807.88
"699",659.49,-0.08,804.64,801.18,807.88
"700",660,0.08,804.63,801.16,807.87
"701",660,0.77,804.63,801.16,807.87
"702",661.87,-1.42,804.59,801.13,807.83
"703",663,-1.73,804.57,801.1,807.8
"704",663.92,-1.25,804.55,801.08,807.78
"705",665.26,-1.24,804.52,801.05,807.75
"706",665.58,-0.36,804.51,801.05,807.74
"707",667.54,-1.08,804.47,801.01,807.7
"708",668.4,-0.7,804.45,800.99,807.68
"709",669.59,-0.33,804.43,800.96,807.65
"710",671.24,-0.65,804.39,800.93,807.62
"711",671.55,-1.31,804.38,800.92,807.61
"712",672,-1.37,804.37,800.91,807.6
"713",672.83,-2.14,804.36,800.89,807.58
"714",673.49,-1.15,804.34,800.88,807.57
"715",675.15,-1.23,804.31,800.84,807.53
"716",677.3,-2.2,804.26,800.8,807.48
"717",677.5,-1.23,804.25,800.79,807.47
"718",677.58,-0.83,804.25,800.79,807.47
"719",679.5,-0.23,804.21,800.75,807.43
"720",680.13,-2.31,804.2,800.74,807.42
"721",680.9,-1.53,804.18,800.72,807.4
"722",682.27,-2.15,804.15,800.69,807.37
"723",683.35,-1.89,804.13,800.67,807.34
"724",684.03,-2.67,804.11,800.65,807.33
"725",685.69,-1.99,804.07,800.62,807.29
"726",686.4,-1.33,804.06,800.6,807.27
"727",687.2,-0.99,804.04,800.59,807.25
"728",687.54,-1.42,804.03,800.58,807.25
"729",690.7,-1.41,803.96,800.51,807.18
"730",690.79,-1.88,803.96,800.51,807.17
"731",690.96,-2.23,803.96,800.5,807.17
"732",693.1,-0.58,803.91,800.46,807.12
"733",693.11,-2,803.91,800.46,807.12
"734",695.16,-2,803.86,800.41,807.07
"735",697.2,-1.25,803.82,800.37,807.03
"736",697.21,-2.09,803.82,800.37,807.03
"737",698.96,-1.89,803.78,800.33,806.99
"738",700.72,-2.21,803.74,800.29,806.95
"739",700.8,-3.23,803.74,800.29,806.94
"740",702.77,-2.53,803.69,800.24,806.9
"741",703.62,-2.35,803.67,800.22,806.88
"742",704.2,-0.35,803.66,800.21,806.86
"743",704.4,-1.4,803.66,800.21,806.86
"744",705.21,-1.45,803.64,800.19,806.84
"745",707.07,-1.45,803.6,800.15,806.8
"746",709.41,-1.14,803.55,800.1,806.75
"747",710.5,-0.78,803.52,800.07,806.72
"748",710.8,-1.45,803.51,800.07,806.71
"749",711.06,-2.1,803.51,800.06,806.71
"750",711.75,-1.18,803.49,800.05,806.69
"751",712.5,-0.46,803.48,800.03,806.68
"752",713.24,-3.59,803.46,800.01,806.66
"753",713.61,-1.78,803.45,800.01,806.65
"754",714,-2.14,803.44,800,806.64
"755",714.1,-0.64,803.44,800,806.64
"756",715.5,-2.86,803.41,799.97,806.61
"757",715.56,-1.59,803.41,799.96,806.61
"758",715.7,-0.41,803.41,799.96,806.6
"759",717.6,-2.11,803.36,799.92,806.56
"760",717.6,-2.59,803.36,799.92,806.56
"761",717.71,-1.38,803.36,799.92,806.56
"762",718.1,-1.66,803.35,799.91,806.55
"763",719.2,-0.92,803.33,799.89,806.52
"764",719.46,-1.32,803.32,799.88,806.52
"765",719.8,-4.75,803.31,799.87,806.51
"766",720,-1.62,803.31,799.87,806.5
"767",721.51,-1.29,803.28,799.84,806.47
"768",722.2,1.86,803.26,799.82,806.45
"769",723.17,-1.59,803.24,799.8,806.43
"770",723.3,-0.8,803.24,799.8,806.43
"771",724.7,-2.68,803.2,799.77,806.4
"772",724.8,-1.43,803.2,799.76,806.39
"773",725.32,-0.97,803.19,799.75,806.38
"774",726.07,-3.02,803.17,799.74,806.37
"775",727.1,-1.68,803.15,799.71,806.34
"776",727.37,-1.33,803.14,799.71,806.34
"777",727.5,-1.86,803.14,799.71,806.33
"778",728,-2.17,803.13,799.69,806.32
"779",728.15,-1.75,803.12,799.69,806.32
"780",729,-2.37,803.1,799.67,806.3
"781",729.91,-0.61,803.08,799.65,806.28
"782",730,-3.38,803.08,799.65,806.27
"783",731.3,-1.94,803.05,799.62,806.25
"784",731.5,-1.05,803.05,799.62,806.24
"785",731.86,0.24,803.04,799.61,806.23
"786",732,0.42,803.04,799.61,806.23
"787",733.25,-2.09,803.01,799.58,806.2
"788",733.91,-1.35,802.99,799.57,806.18
"789",735.3,-0.02,802.96,799.53,806.15
"790",735.5,-1.7,802.96,799.53,806.15
"791",735.9,-2.39,802.95,799.52,806.14
"792",735.96,-1.14,802.95,799.52,806.14
"793",736.59,-1.6,802.93,799.51,806.12
"794",737.3,-1.49,802.92,799.49,806.11
"795",738,-2.09,802.9,799.47,806.09
"796",738.11,-1.95,802.9,799.47,806.09
"797",738.7,-1.89,802.88,799.46,806.07
"798",740.35,-0.74,802.85,799.42,806.04
"799",740.5,-1.33,802.84,799.42,806.03
"800",741.8,-2.03,802.81,799.39,806
"801",743.18,-1.97,802.78,799.36,805.97
"802",743.77,-2.24,802.77,799.34,805.96
"803",743.9,-1.84,802.77,799.34,805.95
"804",744.4,-2.21,802.76,799.33,805.94
"805",745.3,-0.28,802.73,799.31,805.92
"806",745.4,-0.94,802.73,799.31,805.92
"807",745.52,-2.94,802.73,799.3,805.92
"808",745.8,-2.91,802.72,799.3,805.91
"809",747.3,-1.97,802.69,799.26,805.88
"810",747.3,-2.66,802.69,799.26,805.88
"811",748.1,-1.89,802.67,799.25,805.86
"812",748.65,-2.38,802.66,799.23,805.84
"813",749.16,-2.71,802.65,799.22,805.83
"814",750.4,-2.72,802.62,799.19,805.8
"815",751.97,-1.6,802.58,799.16,805.77
"816",752.2,-3.43,802.58,799.15,805.76
"817",752.3,-1.86,802.57,799.15,805.76
"818",752.7,-2.15,802.57,799.14,805.75
"819",752.8,-2.98,802.56,799.14,805.75
"820",754.03,-3.07,802.53,799.11,805.72
"821",754.7,-1.96,802.52,799.1,805.71
"822",755.2,-2.84,802.51,799.09,805.7
"823",755.6,0.13,802.5,799.08,805.69
"824",755.8,-3.17,802.49,799.07,805.68
"825",756.16,-2.13,802.48,799.06,805.67
"826",756.3,-1.1,802.48,799.06,805.67
"827",757.8,-1.25,802.45,799.03,805.64
"828",758.4,-3.17,802.43,799.01,805.62
"829",758.7,-2.02,802.43,799.01,805.62
"830",758.9,-2.94,802.42,799,805.61
"831",759.77,-1.81,802.4,798.99,805.6
"832",760.4,-3.35,802.39,798.98,805.59
"833",761,-2.45,802.37,798.96,805.57
"834",761.3,-0.48,802.37,798.96,805.57
"835",761.3,-0.47,802.37,798.96,805.57
"836",762.3,-2.32,802.34,798.94,805.54
"837",762.4,-2.72,802.34,798.93,805.54
"838",762.51,-2.34,802.34,798.93,805.54
"839",762.8,-4.48,802.33,798.92,805.53
"840",763.78,-2.53,802.31,798.9,805.51
"841",764.55,-1.12,802.29,798.88,805.49
"842",766.5,-2.63,802.25,798.84,805.44
"843",766.9,-2.41,802.24,798.83,805.43
"844",767,-2.26,802.23,798.83,805.43
"845",767.8,0.01,802.22,798.81,805.41
"846",769.1,-1.01,802.19,798.78,805.38
"847",769.4,-2.25,802.18,798.77,805.37
"848",769.8,-2,802.17,798.76,805.36
"849",770.32,-1.79,802.16,798.75,805.35
"850",771.1,-1.98,802.14,798.73,805.33
"851",771.2,-1.36,802.14,798.73,805.33
"852",771.99,-1.39,802.12,798.71,805.31
"853",772.1,-0.4,802.12,798.71,805.31
"854",772.37,-2.05,802.11,798.7,805.3
"855",773,0.56,802.1,798.69,805.29
"856",774.12,-0.62,802.07,798.66,805.26
"857",774.8,-1.59,802.05,798.65,805.25
"858",774.8,-0.35,802.05,798.65,805.25
"859",775.2,-1.77,802.04,798.64,805.24
"860",775.88,-2.18,802.03,798.62,805.22
"861",776.3,-1.49,802.02,798.61,805.21
"862",777.25,-1.12,802,798.59,805.19
"863",777.5,-1,801.99,798.59,805.19
"864",777.73,-1.34,801.99,798.58,805.18
"865",777.77,-1.87,801.98,798.58,805.18
"866",777.9,-0.73,801.98,798.58,805.18
"867",778.28,-0.88,801.97,798.57,805.17
"868",778.32,-1.14,801.97,798.57,805.17
"869",778.4,-1.19,801.97,798.57,805.17
"870",778.41,-0.21,801.97,798.57,805.17
"871",778.7,-1.1,801.96,798.56,805.16
"872",778.92,-1.11,801.96,798.55,805.15
"873",779,-0.97,801.96,798.55,805.15
"874",779.18,-1.42,801.95,798.55,805.15
"875",779.2,-0.42,801.95,798.55,805.15
"876",779.56,-0.48,801.94,798.53,805.13
"877",779.59,-0.55,801.94,798.53,805.13
"878",779.88,2.03,801.93,798.52,805.12
"879",781,-1.17,801.91,798.5,805.1
"880",781,0.43,801.91,798.5,805.1
"881",781.1,-1.13,801.91,798.49,805.09
"882",782.6,-1.97,801.87,798.46,805.06
"883",785.08,1.71,801.81,798.4,805
"884",785.59,1.63,801.8,798.39,804.99
"885",785.98,2.66,801.79,798.38,804.98
"886",786.75,1.95,801.77,798.36,804.96
"887",786.8,-1.18,801.77,798.36,804.96
"888",787.3,2.08,801.76,798.35,804.94
"889",787.6,1.71,801.76,798.34,804.94
"890",787.7,1.77,801.75,798.34,804.94
"891",787.9,2.27,801.75,798.34,804.93
"892",788,1.77,801.75,798.33,804.93
"893",788.4,-0.56,801.74,798.32,804.92
"894",788.4,1.73,801.74,798.32,804.92
"895",789,1.78,801.72,798.31,804.9
"896",789.05,1.41,801.72,798.31,804.9
"897",789.3,-1.13,801.72,798.3,804.9
"898",789.5,2.01,801.71,798.3,804.89
"899",790,2.06,801.7,798.28,804.87
"900",790.1,-0.91,801.7,798.28,804.87
"901",790.4,3.09,801.69,798.27,804.87
"902",790.7,2.09,801.68,798.26,804.86
"903",790.98,2.16,801.68,798.26,804.85
"904",791,1.91,801.67,798.26,804.85
"905",791,2.15,801.67,798.26,804.85
"906",791.1,1.71,801.67,798.25,804.85
"907",791.59,2.31,801.66,798.24,804.84
"908",791.6,1.75,801.66,798.24,804.84
"909",791.7,2.14,801.66,798.24,804.84
"910",792.01,1.98,801.65,798.23,804.83
"911",792.1,1.35,801.65,798.23,804.83
"912",792.1,2.12,801.65,798.23,804.83
"913",792.8,2.95,801.63,798.25,804.85
"914",792.86,2.42,801.63,798.25,804.85
"915",793.2,2.28,801.62,798.24,804.84
"916",793.2,2.39,801.62,798.24,804.84
"917",793.3,4.46,801.62,798.24,804.84
"918",793.42,2.36,801.62,798.24,804.83
"919",793.5,2.72,801.62,798.24,804.83
"920",794,2.45,801.6,798.23,804.82
"921",794.4,2.2,801.59,798.22,804.81
"922",794.4,2.8,801.59,798.22,804.81
"923",794.83,2.37,801.58,798.21,804.8
"924",795,1.87,801.58,798.17,804.76
"925",795.1,2.34,801.58,798.16,804.76
"926",795.5,2.2,801.57,798.16,804.75
"927",795.7,2.33,801.56,798.15,804.74
"928",795.8,2.66,801.56,798.18,804.78
"929",796.37,2.78,801.55,798.17,804.76
"930",796.4,2.6,801.55,798.17,804.76
"931",796.6,2.33,801.54,798.17,804.76
"932",796.7,2.38,801.54,798.16,804.75
"933",796.8,3.39,801.54,798.16,804.75
"934",797.06,4.5,801.53,798.16,804.75
"935",797.1,2.62,801.53,798.16,804.75
"936",797.6,2.31,801.52,798.14,804.73
"937",797.78,2.51,801.51,798.14,804.73
"938",797.83,2.34,801.51,798.14,804.73
"939",797.9,2.55,801.51,798.14,804.73
"940",798.1,2.61,801.51,798.13,804.72
"941",798.2,2.72,801.5,798.13,804.72
"942",798.3,3.82,801.5,798.13,804.72
"943",798.6,2.16,801.5,798.12,804.71
"944",798.72,2.14,801.49,798.12,804.71
"945",798.72,2.58,801.49,798.12,804.71
"946",799,2.37,801.49,798.11,804.7
"947",799.1,2.5,801.48,798.11,804.7
"948",799.6,1.79,801.47,798.1,804.69
"949",799.8,3.56,801.47,798.09,804.68
"950",799.83,2.87,801.47,798.09,804.68
"951",800.18,4.23,801.46,798.08,804.67
"952",800.2,2.78,801.46,798.08,804.67
"953",800.3,3.66,801.46,798.08,804.67
"954",800.7,2.96,801.45,798.07,804.66
"955",800.9,2.76,801.44,798.07,804.65
"956",800.9,3.39,801.44,798.07,804.65
"957",801,3.96,801.44,798.07,804.65
"958",801.11,2.63,801.44,798.06,804.65
"959",801.2,2.58,801.43,798.06,804.65
"960",801.55,3.55,801.43,798.05,804.64
"961",801.6,3.31,801.42,798.05,804.64
"962",801.9,2.79,801.42,798.04,804.63
"963",801.9,2.85,801.42,798.04,804.63
"964",802,3.28,801.41,798.04,804.63
"965",802.7,2.98,801.4,798.03,804.61
"966",802.9,2.82,801.39,798.02,804.61
"967",802.97,1.93,801.39,798.02,804.6
"968",803,3.91,801.39,798.02,804.6
"969",803.1,3.92,801.39,798.02,804.6
"970",803.59,1.98,801.38,798.01,804.59
"971",803.6,2.85,801.38,798.01,804.59
"972",803.68,3.12,801.38,798,804.59
"973",803.7,3.47,801.38,798,804.59
"974",803.9,2.82,801.37,798,804.58
"975",804,4.39,801.37,798,804.58
"976",804.38,3.83,801.36,797.99,804.57
"977",804.39,-1.01,801.36,797.99,804.57
"978",804.7,3.42,801.35,797.98,804.56
"979",804.7,2.66,801.35,797.98,804.56
"980",805,2.97,801.35,797.97,804.56
"981",805.1,3.47,801.34,797.97,804.55
"982",805.2,3.01,801.34,797.97,804.55
"983",805.28,2.87,801.34,797.97,804.55
"984",805.75,3.75,801.33,797.96,804.54
"985",805.9,2.73,801.32,797.95,804.53
"986",806.25,2.66,801.32,797.94,804.53
"987",806.6,3.3,801.31,797.94,804.52
"988",806.7,3.23,801.31,797.93,804.52
"989",806.7,2.84,801.31,797.93,804.52
"990",807.21,4.33,801.29,797.92,804.5
"991",807.5,2.94,801.29,797.92,804.5
"992",808.2,3.78,801.27,797.9,804.48
"993",808.87,3.73,801.25,797.88,804.46
"994",808.92,2.53,801.25,797.88,804.46
"995",808.94,2.92,801.25,797.88,804.46
"996",809,3.04,801.25,797.88,804.46
"997",809.2,3.77,801.25,797.88,804.46
"998",809.5,3.37,801.24,797.87,804.45
"999",809.5,4.03,801.24,797.87,804.45
"1000",809.6,3.52,801.24,797.87,804.45
"1001",810.3,4.48,801.22,797.85,804.43
"1002",811.3,3.29,801.2,797.83,804.4
"1003",811.4,2.29,801.19,797.83,804.4
"1004",811.5,4.16,801.19,797.82,804.4
"1005",811.8,3.25,801.18,797.82,804.39
"1006",812.37,2.44,801.17,797.8,804.38
"1007",813.7,3.67,801.14,797.77,804.35
"1008",814,5.11,801.13,797.77,804.34
"1009",814.1,3.7,801.13,797.76,804.34
"1010",814.5,2.77,801.12,797.75,804.33
"1011",816.2,4.61,801.08,797.72,804.3
"1012",816.4,3.66,801.07,797.72,804.29
"1013",816.81,4.29,801.06,797.71,804.28
"1014",816.9,1.03,801.06,797.71,804.28
"1015",818.7,4.73,801.02,797.66,804.24
"1016",819.12,2.98,801.01,797.65,804.22
"1017",820.3,2.52,800.98,797.63,804.2
"1018",821.16,3.41,800.96,797.61,804.18
"1019",822,4.09,800.94,797.59,804.15
"1020",822,4.33,800.94,797.59,804.15
"1021",822.49,3.19,800.93,797.57,804.14
"1022",822.9,3.5,800.92,797.56,804.13
"1023",824.53,3.47,800.88,797.53,804.1
"1024",825.9,2.84,800.85,797.5,804.06
"1025",827.99,3.8,800.8,797.45,804.01
"1026",828.5,4.88,800.78,797.44,804
"1027",828.9,3.23,800.78,797.43,803.99
"1028",829.3,4.34,800.77,797.42,803.98
"1029",830,4.2,800.75,797.4,803.96
"1030",830.91,3.83,800.73,797.38,803.94
"1031",831.9,3.35,800.7,797.36,803.91
"1032",835.4,5.87,800.62,797.27,803.83
"1033",836.3,4.62,800.6,797.25,803.81
"1034",836.7,5.65,800.59,797.24,803.8
"1035",837.4,5.28,800.57,797.23,803.78
"1036",837.4,5.93,800.57,797.23,803.78
"1037",839.07,5.14,800.53,797.19,803.74
"1038",839.2,6.68,800.53,797.18,803.73
"1039",840.3,5.18,800.5,797.16,803.71
"1040",841.29,5.82,800.48,797.13,803.68
"1041",843.3,4.58,800.43,797.09,803.63
"1042",843.4,3.8,800.42,797.09,803.63
"1043",844.1,4.56,800.41,797.07,803.61
"1044",844.8,5.16,800.39,797.05,803.6
"1045",845.73,4.66,800.37,797.03,803.57
"1046",846.1,5.63,800.36,797.02,803.56
"1047",846.2,6.24,800.36,797.02,803.56
"1048",846.8,3.94,800.34,797,803.54
"1049",849.2,5.86,800.28,796.94,803.48
"1050",849.4,5.86,800.28,796.94,803.48
"1051",849.4,6.26,800.28,796.94,803.48
"1052",849.72,5.37,800.27,796.93,803.47
"1053",852,5.95,800.22,796.87,803.41
"1054",852.4,6.08,800.21,796.86,803.4
"1055",852.73,5.24,800.2,796.86,803.39
"1056",853,6.29,800.19,796.85,803.39
"1057",855,5.62,800.14,796.8,803.34
"1058",855.2,6.11,800.14,796.8,803.33
"1059",858.3,7.78,800.06,796.72,803.26
"1060",858.9,4.25,800.05,796.71,803.24
"1061",859,5.54,800.05,796.71,803.24
"1062",861.3,6.75,799.99,796.65,803.18
"1063",862.4,4.63,799.96,796.62,803.15
"1064",863.3,6.25,799.94,796.6,803.13
"1065",864.5,5.62,799.91,796.58,803.1
"1066",865.1,5.04,799.9,796.56,803.09
"1067",868.2,4.66,799.82,796.49,803.01
"1068",871,5.5,799.75,796.42,802.94
"1069",871.2,5.35,799.75,796.41,802.93
"1070",872.8,4.57,799.71,796.38,802.89
"1071",874.2,4.95,799.67,796.34,802.86
"1072",876.77,6.84,799.61,796.28,802.79
"1073",877.2,4.36,799.6,796.27,802.78
"1074",878.3,4.81,799.57,796.24,802.76
"1075",878.8,4.83,799.56,796.23,802.74
"1076",879.7,4.35,799.53,796.21,802.72
"1077",880,5.56,799.53,796.2,802.71
"1078",881.2,6.86,799.5,796.17,802.68
"1079",883,5.07,799.45,796.13,802.64
"1080",883,5.4,799.45,796.13,802.64
"1081",884.2,4.2,799.42,796.1,802.61
"1082",887.5,4.83,799.34,796.02,802.52
"1083",887.5,4.52,799.34,796.02,802.52
"1084",888.8,4.85,799.31,795.99,802.49
"1085",890.3,4.61,799.27,795.95,802.45
"1086",890.3,4.73,799.27,795.95,802.45
"1087",890.4,4.74,799.27,795.95,802.45
"1088",892.4,3.42,799.22,795.9,802.4
"1089",892.4,4.33,799.22,795.9,802.4
"1090",894.9,4.35,799.16,795.84,802.34
"1091",895.5,5.19,799.14,795.83,802.32
"1092",895.84,7.48,799.14,795.82,802.31
"1093",897.3,4.51,799.1,795.78,802.28
"1094",897.61,4.72,799.09,795.78,802.27
"1095",898.5,4.34,799.07,795.75,802.25
"1096",898.9,6.9,799.06,795.74,802.24
"1097",900.14,5.27,799.03,795.71,802.2
"1098",900.72,4.42,799.02,795.7,802.19
"1099",901.8,4.98,798.99,795.67,802.16
"1100",902.8,5.52,798.96,795.64,802.14
"1101",906.8,2.77,798.86,795.54,802.03
"1102",906.9,5.66,798.86,795.54,802.02
"1103",908.9,3.54,798.81,795.49,801.97
"1104",911.3,4,798.75,795.43,801.91
"1105",911.36,5.09,798.75,795.42,801.91
"1106",914.6,3.99,798.67,795.3,801.79
"1107",917.3,4.88,798.6,795.24,801.72
"1108",917.3,6.14,798.6,795.24,801.72
"1109",918.5,6.05,798.57,795.21,801.68
"1110",921,4.94,798.5,795.15,801.62
"1111",921.6,6.11,798.49,795.13,801.61
"1112",922.01,5.31,798.48,795.12,801.59
"1113",922.3,5.36,798.47,795.12,801.59
"1114",929.2,4.38,798.29,794.95,801.41
"1115",930.2,4.84,798.27,794.92,801.38
"1116",930.88,4.58,798.25,794.9,801.36
"1117",932.7,4.94,798.2,794.86,801.32
"1118",936.1,5.84,798.12,794.77,801.23
"1119",936.2,4.87,798.11,794.77,801.22
"1120",942.2,4.31,797.96,794.62,801.07
"1121",945.9,5.04,797.86,794.52,800.97
"1122",949.5,5.28,797.77,794.43,800.87
"1123",951.5,5,797.72,794.38,800.82
"1124",956.1,5.55,797.6,794.27,800.7
"1125",957.93,5.16,797.55,794.22,800.65
"1126",959.1,4.46,797.52,794.19,800.62
"1127",960.2,5.73,797.49,794.16,800.59
"1128",965.02,5.77,797.37,793.94,800.36
"1129",967.4,2.86,797.3,793.87,800.3
"1130",970.4,4.14,797.22,793.9,800.32
"1131",971.3,7.34,797.2,793.64,800.05
"1132",974.9,3.87,797.1,793.55,799.96
"1133",979.9,4.13,796.97,793.42,799.83
"1134",983.5,3.99,796.88,793.33,799.72
"1135",985.8,4.45,796.81,793.27,799.66
"1136",987.5,4.37,796.77,793.23,799.62
"1137",987.64,4.31,796.77,793.22,799.61
"1138",991.3,8.35,796.67,793.13,799.52
"1139",993.8,4.11,796.6,793.17,799.55
"1140",994.7,4.15,796.58,793.14,799.52
"1141",1000.2,3.31,796.43,793,799.38
"1142",1004.05,3.89,796.33,792.88,799.26
"1143",1012.4,3.61,796.1,792.67,799.03
"1144",1013.04,4.21,796.09,792.65,799.01
"1145",1014.36,4.03,796.05,792.62,798.98
"1146",1017.01,4.81,795.98,792.55,798.91
"1147",1018.3,6.49,795.94,792.52,798.87
"1148",1019.4,3.65,795.91,792.49,798.84
"1149",1020.18,4.35,795.89,792.47,798.82
"1150",1020.2,4.33,795.89,792.47,798.82
"1151",1021.7,4.09,795.85,792.43,798.78
"1152",1022.6,3.8,795.82,792.41,798.75
"1153",1023.2,3.82,795.81,792.39,798.74
"1154",1023.3,5.1,795.81,792.39,798.73
"1155",1024.2,3.94,795.78,792.36,798.71
"1156",1025.47,4.2,795.75,792.33,798.67
"1157",1025.6,5.05,795.74,792.33,798.67
"1158",1027.1,3.35,795.7,792.28,798.62
"1159",1030.8,4.06,795.6,792.18,798.52
"1160",1031.29,3.95,795.58,792.17,798.51
"1161",1031.29,4.12,795.58,792.17,798.51
"1162",1031.29,4.66,795.58,792.17,798.51
"1163",1032.7,4.23,795.54,792.13,798.47
"1164",1034.8,4.01,795.49,792.07,798.4
"1165",1035.1,5,795.48,792.06,798.39
"1166",1036,3.2,795.45,792.04,798.37
"1167",1036.6,4.07,795.44,792.03,798.35
"1168",1037.2,4.28,795.42,792.01,798.34
"1169",1040.5,3.53,795.33,791.92,798.25
"1170",1043,4.79,795.26,791.86,798.18
"1171",1043.73,5.85,795.24,791.84,798.16
"1172",1051.8,4.86,795.02,791.62,797.93
"1173",1052.8,4.87,794.99,791.59,797.9
"1174",1052.84,4.77,794.99,791.59,797.9
"1175",1055.9,5.6,794.9,791.51,797.81
"1176",1058.81,6.11,794.82,791.43,797.73
"1177",1060.3,5.56,794.78,791.39,797.68
"1178",1060.66,5.43,794.77,791.38,797.67
"1179",1061,5.13,794.76,791.37,797.66
"1180",1061.3,5.23,794.75,791.36,797.65
"1181",1063.04,6.07,794.7,791.32,797.6
"1182",1066.9,5.46,794.59,791.21,797.49
"1183",1069.7,5.63,794.51,791.13,797.41
"1184",1071.1,5.1,794.47,791.1,797.37
"1185",1071.5,4.65,794.46,791.08,797.36
"1186",1074.2,5.68,794.39,791.01,797.28
"1187",1077.2,5.88,794.3,790.92,797.19
"1188",1079.7,5.86,794.23,790.85,797.12
"1189",1080.2,5.63,794.22,790.84,797.1
"1190",1083.2,5.53,794.13,790.76,797.01
"1191",1087.3,4.4,794.02,790.64,796.9
"1192",1087.7,6.04,794,790.63,796.88
"1193",1087.91,5.18,794,790.62,796.88
"1194",1090.6,5.06,793.92,790.55,796.8
"1195",1090.82,5.58,793.91,790.54,796.79
"1196",1092.3,4.39,793.87,790.5,796.75
"1197",1093.7,6.48,793.83,790.46,796.71
"1198",1097.69,5.12,793.72,790.35,796.59
"1199",1098.8,4.96,793.69,790.32,796.56
"1200",1100.9,3.97,793.63,790.26,796.5
"1201",1103.9,6.03,793.54,790.18,796.42
"1202",1108.7,6.08,793.4,790.06,796.29
"1203",1109.86,6.05,793.37,790.02,796.26
"1204",1112.4,4.59,793.29,789.98,796.21
"1205",1112.5,5.44,793.29,789.98,796.21
"1206",1115.7,3.86,793.2,789.89,796.11
"1207",1116.3,5.81,793.18,789.87,796.1
"1208",1119.8,6.53,793.08,789.78,796
"1209",1121.24,4.36,793.04,789.76,795.97
"1210",1124.7,3.96,792.94,789.67,795.87
"1211",1125,4.86,792.93,789.66,795.86
"1212",1125.1,5.59,792.93,789.66,795.86
"1213",1125.3,5.73,792.92,789.65,795.85
"1214",1125.6,4.93,792.91,789.64,795.84
"1215",1125.9,5.2,792.9,789.63,795.83
"1216",1125.9,4.97,792.9,789.63,795.83
"1217",1126.2,5.5,792.89,789.62,795.83
"1218",1133.9,5.67,792.66,789.38,795.57
"1219",1134.23,7.16,792.65,789.37,795.56
"1220",1134.4,4.19,792.65,789.36,795.55
"1221",1135.2,5.87,792.63,789.34,795.53
"1222",1136,6.39,792.6,789.32,795.51
"1223",1137,6.33,792.57,789.29,795.48
"1224",1137.3,6.4,792.56,789.29,795.47
"1225",1138,6.38,792.54,789.27,795.45
"1226",1141.3,5.93,792.44,789.16,795.34
"1227",1142.4,6.28,792.41,789.14,795.31
"1228",1142.7,4.89,792.4,789.13,795.3
"1229",1144.6,6.53,792.34,789.07,795.24
"1230",1147.1,5.55,792.27,788.99,795.16
"1231",1150,6.47,792.18,788.91,795.07
"1232",1151.7,6.24,792.13,788.86,795.02
"1233",1154.7,6.09,792.04,788.77,794.92
"1234",1156.5,6.81,791.99,788.71,794.87
"1235",1156.7,6.77,791.98,788.71,794.86
"1236",1157.5,5.92,791.96,788.69,794.84
"1237",1161.1,7.03,791.85,788.58,794.73
"1238",1164.5,7.09,791.75,788.45,794.6
"1239",1166.7,7.3,791.68,788.39,794.53
"1240",1167.8,7.14,791.65,788.32,794.46
"1241",1172,6.7,791.52,788.2,794.32
"1242",1175,7.01,791.43,788.11,794.23
"1243",1177.14,5.94,791.36,788.04,794.16
"1244",1178.2,6.4,791.33,788.06,794.18
"1245",1178.3,6.62,791.33,788.05,794.17
"1246",1182.21,5.52,791.21,787.9,794.01
"1247",1183,5.9,791.18,787.88,793.99
"1248",1185.5,5.52,791.11,787.81,793.91
"1249",1186.5,5.35,791.08,787.78,793.88
"1250",1186.74,5.37,791.07,787.77,793.87
"1251",1190.2,5.74,790.96,787.67,793.77
"1252",1198,4.97,790.72,787.44,793.53
"1253",1204.3,5.82,790.52,787.25,793.33
"1254",1205.76,5.67,790.47,787.21,793.29
"1255",1208.7,4.06,790.38,787.12,793.2
"1256",1220,4.57,790.03,786.79,792.85
"1257",1222.9,6.36,789.94,786.7,792.76
"1258",1226.58,7.4,789.82,786.53,792.59
"1259",1229.3,6,789.73,786.45,792.5
"1260",1230.3,6.47,789.7,786.42,792.47
"1261",1234.1,7.38,789.58,786.3,792.35
"1262",1237,7.28,789.49,786.21,792.25
"1263",1242,7.31,789.33,786.06,792.09
"1264",1246,6.73,789.19,785.93,791.96
"1265",1250.1,6.25,789.06,785.8,791.82
"1266",1254.6,5.72,788.92,785.63,791.65
"1267",1259.1,7.06,788.77,785.51,791.52
"1268",1262.1,6.73,788.67,785.42,791.42
"1269",1265.7,5.87,788.55,785.3,791.3
"1270",1266.6,6.71,788.52,785.27,791.27
"1271",1274,4.98,788.28,785.02,791.02
"1272",1277.6,4.13,788.16,784.89,790.89
"1273",1281.63,7.12,788.03,784.76,790.75
"1274",1282.1,7.2,788.01,784.74,790.74
"1275",1291.5,6.65,787.7,784.6,790.57
"1276",1294.2,5.17,787.61,784.51,790.49
"1277",1294.49,5.73,787.6,784.51,790.48
"1278",1298.6,7.08,787.46,784.19,790.16
"1279",1302,7.17,787.34,784.08,790.05
"1280",1305.2,7.2,787.24,783.98,789.94
"1281",1307.8,7.41,787.15,784.05,790
"1282",1311.7,6.74,787.02,783.92,789.87
"1283",1314.4,6.32,786.92,783.81,789.75
"1284",1318,5.71,786.8,783.69,789.62
"1285",1318.94,7.19,786.77,783.66,789.59
"1286",1321,7.35,786.7,783.59,789.52
"1287",1324.5,5.91,786.58,783.48,789.4
"1288",1329,5.67,786.42,783.32,789.24
"1289",1333,5.94,786.28,783.19,789.1
"1290",1333.61,7.45,786.26,783.16,789.07
"1291",1334.5,6.18,786.23,783.12,789.03
"1292",1345.2,6.47,785.85,782.75,788.65
"1293",1355.2,3.93,785.5,782.39,788.27
"1294",1360.5,4.13,785.32,782.08,787.96
"1295",1363.12,6.1,785.22,781.99,787.86
"1296",1363.7,2.6,785.2,781.97,787.84
"1297",1367.8,3.88,785.05,781.83,787.69
"1298",1374.35,4.89,784.82,781.6,787.45
"1299",1374.9,5.7,784.8,781.58,787.43
"1300",1378,4.78,784.69,781.47,787.31
"1301",1381.1,4.87,784.58,781.36,787.2
"1302",1386.9,3.11,784.36,781.16,786.99
"1303",1387.63,5.02,784.34,781.13,786.96
"1304",1388.1,3.42,784.32,781.11,786.95
"1305",1388.66,4.4,784.3,781.09,786.93
"1306",1391.1,3.93,784.21,781.1,786.93
"1307",1392.28,3.21,784.17,780.95,786.78
"1308",1392.28,3.48,784.17,780.95,786.78
"1309",1394,3.46,784.1,780.89,786.71
"1310",1397.17,3.64,783.99,780.89,786.7
"1311",1397.8,2.84,783.96,780.87,786.68
"1312",1400.12,6.39,783.88,780.79,786.59
"1313",1402.24,2.99,783.8,780.71,786.51
"1314",1402.5,3.68,783.79,780.7,786.51
"1315",1405.1,3.13,783.69,780.6,786.41
"1316",1405.5,3.45,783.68,780.59,786.39
"1317",1407.7,5.09,783.59,780.51,786.31
"1318",1409,4.43,783.55,780.46,786.26
"1319",1410.4,4.77,783.49,780.41,786.21
"1320",1412.2,3.68,783.43,780.34,786.14
"1321",1412.4,5.34,783.42,780.34,786.13
"1322",1415,2.99,783.32,780.24,786.03
"1323",1415.1,2.69,783.32,780.24,786.03
"1324",1416.9,2.21,783.25,780.17,785.96
"1325",1418.6,2.21,783.18,780.12,785.91
"1326",1420.71,5.12,783.1,780.04,785.82
"1327",1422.5,6.04,783.04,779.97,785.75
"1328",1422.74,6.14,783.03,779.96,785.74
"1329",1424.51,3.16,782.96,779.89,785.67
"1330",1426.6,5.93,782.88,779.82,785.6
"1331",1428,7.05,782.83,779.76,785.54
"1332",1430.13,3.92,782.75,779.68,785.46
"1333",1430.4,5.3,782.74,779.68,785.45
"1334",1433.5,5.3,782.62,779.56,785.33
"1335",1433.7,5.63,782.61,779.55,785.33
"1336",1436.26,5.77,782.52,779.46,785.23
"1337",1437.1,4.72,782.48,779.43,785.2
"1338",1438,4.9,782.45,779.39,785.16
"1339",1438.46,4.91,782.43,779.38,785.14
"1340",1439.2,5.04,782.4,779.35,785.12
"1341",1439.67,4.47,782.39,779.33,785.1
"1342",1440,3.81,782.37,779.32,785.08
"1343",1444.5,6.25,782.2,779.17,784.93
"1344",1444.78,5.25,782.19,779.16,784.92
"1345",1445.1,4.59,782.18,779.15,784.9
"1346",1445.1,6.13,782.18,779.15,784.9
"1347",1447,5.67,782.1,779.07,784.83
"1348",1447,7.33,782.1,779.07,784.83
"1349",1447.3,6.37,782.09,779.1,784.86
"1350",1449,5.78,782.03,779.04,784.79
"1351",1449.4,4.64,782.01,779.02,784.77
"1352",1450.1,6.14,781.98,778.99,784.74
"1353",1453.1,7.68,781.86,778.88,784.62
"1354",1454.1,5.9,781.83,778.84,784.58
"1355",1456.2,7.34,781.74,778.76,784.5
"1356",1457.7,4.87,781.68,778.71,784.44
"1357",1459.2,7.61,781.63,778.65,784.37
"1358",1460.2,7.22,781.59,778.61,784.33
"1359",1460.69,8.02,781.57,778.59,784.31
"1360",1461,7.13,781.55,778.58,784.3
"1361",1462.3,7.33,781.5,778.53,784.25
"1362",1462.9,7.43,781.48,778.51,784.22
"1363",1464.9,10.84,781.4,778.42,784.13
"1364",1465.57,7.27,781.38,778.4,784.11
"1365",1466,7.68,781.36,778.38,784.09
"1366",1466.4,7.14,781.34,778.37,784.07
"1367",1468.2,7.55,781.27,778.3,784
"1368",1468.6,7.76,781.26,778.28,783.99
"1369",1469.1,7.75,781.24,778.26,783.97
"1370",1469.3,5.52,781.23,778.26,783.96
"1371",1471.8,8.02,781.13,778.16,783.86
"1372",1474.4,8.16,781.03,778.06,783.76
"1373",1475.4,7.48,780.99,778.02,783.72
"1374",1475.9,8.14,780.97,778,783.7
"1375",1476.94,7.8,780.93,777.96,783.65
"1376",1477.4,7.69,780.91,777.94,783.64
"1377",1477.6,5.35,780.9,777.94,783.63
"1378",1479,7.5,780.85,777.88,783.57
"1379",1481.1,7.99,780.76,777.81,783.49
"1380",1481.5,8.13,780.74,777.79,783.48
"1381",1486.1,8.11,780.56,777.59,783.27
"1382",1486.3,7.18,780.55,777.59,783.27
"1383",1486.48,7.07,780.54,777.58,783.26
"1384",1490.2,7.87,780.39,777.44,783.11
"1385",1490.5,6.54,780.38,777.43,783.09
"1386",1492.5,7.61,780.3,777.35,783.01
"1387",1492.5,7.07,780.3,777.35,783.01
"1388",1494.8,4.31,780.21,777.26,782.92
"1389",1496.9,6.28,780.12,777.17,782.83
"1390",1498.8,7.17,780.05,777.1,782.76
"1391",1502.2,7.34,779.91,776.97,782.62
"1392",1504.3,6.92,779.83,776.88,782.53
"1393",1504.6,7.59,779.81,776.87,782.52
"1394",1504.8,7.57,779.81,776.86,782.51
"1395",1508.1,7.4,779.67,776.73,782.38
"1396",1508.98,6.88,779.63,776.69,782.34
"1397",1511.3,6.87,779.54,776.6,782.24
"1398",1512,7.95,779.51,776.57,782.21
"1399",1513.5,7.53,779.45,776.51,782.16
"1400",1515.4,7.37,779.37,776.44,782.08
"1401",1516.7,5.01,779.31,776.38,782.02
"1402",1518.07,6.92,779.26,776.33,781.96
"1403",1523.2,7.5,779.04,776.1,781.73
"1404",1525.2,7.94,778.96,776.02,781.65
"1405",1526.7,7.02,778.9,775.96,781.59
"1406",1527.8,7.17,778.85,775.91,781.54
"1407",1527.8,8.31,778.85,775.91,781.54
"1408",1528.5,8.48,778.82,775.89,781.51
"1409",1529.3,8.26,778.79,775.85,781.48
"1410",1530.1,6.76,778.75,775.82,781.45
"1411",1534.32,7.44,778.57,775.65,781.27
"1412",1534.6,8.13,778.56,775.64,781.25
"1413",1534.7,7.18,778.56,775.63,781.25
"1414",1535.34,7.47,778.53,775.61,781.22
"1415",1535.9,7.07,778.5,775.58,781.2
"1416",1538.2,7.39,778.41,775.49,781.1
"1417",1538.8,7.83,778.38,775.47,781.08
"1418",1539,7.97,778.37,775.46,781.07
"1419",1542.16,7.3,778.24,775.26,780.86
"1420",1542.5,8,778.22,775.24,780.84
"1421",1545.5,8.29,778.1,775.12,780.72
"1422",1546.25,7.44,778.07,775.09,780.68
"1423",1549.4,8.29,777.93,774.96,780.54
"1424",1551.8,6.84,777.83,774.86,780.44
"1425",1554.9,8.29,777.69,774.77,780.35
"1426",1556.13,6.99,777.64,774.66,780.24
"1427",1556.9,7.85,777.6,774.63,780.21
"1428",1558.8,7.86,777.52,774.56,780.13
"1429",1561.1,7.33,777.42,774.46,780.03
"1430",1561.25,8.57,777.41,774.45,780.02
"1431",1564.7,6.16,777.26,774.31,779.87
"1432",1567.7,7.87,777.13,774.18,779.74
"1433",1570.34,8.38,777.01,774.03,779.58
"1434",1571.4,8.22,776.97,773.98,779.53
"1435",1571.9,7.58,776.95,773.96,779.51
"1436",1574.4,7.12,776.83,773.87,779.42
"1437",1575.3,6.67,776.79,773.83,779.38
"1438",1575.6,8.63,776.78,773.82,779.37
"1439",1576.8,8.06,776.73,773.77,779.32
"1440",1577.7,8.41,776.69,773.73,779.28
"1441",1578.63,6.01,776.65,773.71,779.26
"1442",1580.8,7.5,776.55,773.61,779.16
"1443",1582.4,8.23,776.48,773.48,779.02
"1444",1583.17,8.38,776.45,773.45,778.99
"1445",1583.9,6.74,776.41,773.42,778.95
"1446",1586.8,8.35,776.28,773.29,778.82
"1447",1587.72,8.02,776.24,773.25,778.78
"1448",1588.4,7.16,776.21,773.2,778.73
"1449",1590.3,7.77,776.13,773.13,778.66
"1450",1592.4,8.87,776.03,773.04,778.56
"1451",1592.4,8,776.03,773.04,778.56
"1452",1593.06,7.73,776,773.01,778.53
"1453",1595.4,6.4,775.89,772.9,778.43
"1454",1596.9,7.5,775.82,772.89,778.41
"1455",1597.9,6.22,775.78,772.84,778.36
"1456",1599.54,7.7,775.7,772.77,778.29
"1457",1601.7,4.6,775.6,772.52,778.04
"1458",1601.7,7.49,775.6,772.52,778.04
"1459",1602.38,7.16,775.57,772.52,778.04
"1460",1603.2,6.1,775.53,772.49,778
"1461",1606.2,5.79,775.39,772.36,777.86
"1462",1606.3,5.78,775.39,772.35,777.85
"1463",1606.58,8.19,775.38,772.34,777.84
"1464",1607.6,4.61,775.33,772.38,777.88
"1465",1609.2,3.72,775.25,772.3,777.81
"1466",1612.1,4.55,775.12,772.17,777.68
"1467",1612.2,5.44,775.11,772.16,777.67
"1468",1614.88,8.19,774.99,772.05,777.55
"1469",1615.3,6.15,774.97,772.03,777.53
"1470",1618.3,4.96,774.83,771.79,777.29
"1471",1621.2,5.32,774.69,771.72,777.22
"1472",1621.4,4.9,774.68,771.72,777.21
"1473",1624.99,5.85,774.52,771.52,777.01
"1474",1626.9,4.31,774.43,771.53,777.01
"1475",1628.2,5.36,774.37,771.36,776.84
"1476",1630.1,5.56,774.28,771.27,776.75
"1477",1635.56,8.25,774.02,771.01,776.49
"1478",1640.2,5.42,773.8,770.81,776.28
"1479",1643.62,7.79,773.63,770.66,776.13
"1480",1644.1,6.56,773.6,770.64,776.11
"1481",1650.44,6.29,773.3,770.45,775.91
"1482",1653.5,2.33,773.15,770.3,775.76
"1483",1655.89,6.24,773.03,770.19,775.65
"1484",1658,4.7,772.93,770.09,775.55
"1485",1662.94,6.16,772.68,769.85,775.3
"1486",1665.8,2.41,772.54,769.71,775.16
"1487",1668.85,6.87,772.39,769.43,774.88
"1488",1670,2.29,772.33,769.37,774.82
"1489",1671.2,2.2,772.28,769.31,774.76
"1490",1671.9,2.36,772.24,769.28,774.72
"1491",1676.7,4.82,772,769.05,774.5
"1492",1678.39,7.62,771.92,768.95,774.41
"1493",1681.5,4.31,771.76,768.8,774.24
"1494",1683.5,4.9,771.66,768.7,774.14
"1495",1685.7,4.89,771.55,768.58,774.02
"1496",1690.89,5.98,771.28,768.31,773.76
"1497",1691.2,5.84,771.27,768.3,773.74
"1498",1696.1,4.07,771.02,768.38,773.83
"1499",1697.71,6.77,770.94,768.3,773.75
"1500",1699.7,6.01,770.83,767.97,773.42
"1501",1705.55,7.21,770.53,767.71,773.15
"1502",1706.4,5.51,770.49,767.67,773.11
"1503",1708.6,6.33,770.37,767.56,773
"1504",1709.16,7.22,770.34,767.53,772.97
"1505",1710.5,6.67,770.27,767.46,772.89
"1506",1715.4,7.13,770.02,767.2,772.63
"1507",1715.43,7,770.01,767.2,772.63
"1508",1717.66,7.51,769.9,767.08,772.52
"1509",1719.4,6.71,769.8,766.99,772.43
"1510",1725.39,7.2,769.48,766.69,772.13
"1511",1728.9,7.24,769.3,766.52,771.95
"1512",1730.55,7.5,769.21,766.38,771.81
"1513",1731,7.01,769.19,766.35,771.78
"1514",1734.27,7.34,769.01,766.25,771.67
"1515",1734.9,6.45,768.98,766.21,771.64
"1516",1738.73,7.29,768.77,766.02,771.43
"1517",1739.3,7.32,768.74,765.99,771.4
"1518",1742.6,5.86,768.55,765.79,771.2
"1519",1743.55,8.04,768.5,765.74,771.15
"1520",1745.9,6.96,768.37,765.61,771.03
"1521",1749.9,4.74,768.15,765.35,770.76
"1522",1750.81,7.49,768.1,765.29,770.7
"1523",1753.16,8.51,767.97,765.17,770.57
"1524",1754.5,6.74,767.89,765.1,770.5
"1525",1757.1,5.54,767.75,764.96,770.36
"1526",1759.6,5.78,767.61,764.81,770.22
"1527",1761.32,7.02,767.51,764.71,770.12
"1528",1762.47,7.62,767.45,764.67,770.09
"1529",1764.2,6.49,767.35,764.58,770
"1530",1767.1,6.98,767.18,764.4,769.83
"1531",1768.5,7.12,767.1,764.35,769.78
"1532",1768.72,8.85,767.09,764.33,769.76
"1533",1776.62,8.14,766.64,763.89,769.33
"1534",1777,7.55,766.62,763.89,769.33
"1535",1777.25,7.65,766.61,763.87,769.31
"1536",1780.6,7.88,766.42,763.68,769.12
"1537",1782.88,7.23,766.28,763.56,769
"1538",1786.5,6.94,766.08,763.35,768.78
"1539",1791.2,7.27,765.8,763.08,768.51
"1540",1791.45,8.16,765.78,763.07,768.5
"1541",1795.65,7.97,765.53,762.81,768.25
"1542",1798,7.8,765.39,762.66,768.11
"1543",1800.19,7.01,765.26,762.53,767.99
"1544",1801.7,8.27,765.18,762.43,767.9
"1545",1804.63,8.62,765,762.31,767.78
"1546",1805.7,8.59,764.93,762.24,767.72
"1547",1808.45,7.9,764.76,762.09,767.57
"1548",1808.5,7.88,764.76,762.08,767.57
"1549",1811.7,6.57,764.57,761.83,767.33
"1550",1814.1,8.93,764.42,761.68,767.17
"1551",1816.1,8.16,764.3,761.46,766.96
"1552",1818.9,8.63,764.13,761.38,766.89
"1553",1819.27,7.99,764.11,761.36,766.87
"1554",1820.2,7.8,764.05,761.22,766.73
"1555",1823.6,9.22,763.84,761.06,766.59
"1556",1824.76,8.93,763.77,760.9,766.42
"1557",1828.1,7.65,763.56,760.71,766.24
"1558",1831.67,8.55,763.33,760.5,766.04
"1559",1831.9,8.2,763.32,760.48,766.02
"1560",1834.1,8.91,763.18,760.31,765.86
"1561",1834.8,7.6,763.14,760.26,765.81
"1562",1837.1,9.46,762.99,760.15,765.71
"1563",1840.1,7.69,762.8,759.94,765.51
"1564",1842.07,6.42,762.68,759.82,765.4
"1565",1843.1,8.11,762.62,759.76,765.33
"1566",1845.9,9.15,762.44,759.57,765.16
"1567",1846.1,8.68,762.42,759.55,765.14
"1568",1849.1,8.66,762.23,759.45,765.05
"1569",1849.41,8.2,762.21,759.42,765.03
"1570",1852.1,8.82,762.04,759.26,764.88
"1571",1854.51,7.99,761.88,759.07,764.71
"1572",1855.1,7.4,761.84,759.03,764.67
"1573",1858.1,9.12,761.64,758.83,764.48
"1574",1860.77,8.7,761.47,758.63,764.3
"1575",1861.1,8.71,761.45,758.6,764.28
"1576",1861.56,7.62,761.42,758.58,764.26
"1577",1864.1,7.72,761.25,758.43,764.12
"1578",1867.1,9.1,761.05,758.13,763.83
"1579",1869.35,8.62,760.91,757.97,763.68
"1580",1869.9,7.95,760.87,757.93,763.65
"1581",1873.1,8.49,760.66,757.8,763.55
"1582",1873.68,7.39,760.62,757.54,763.3
"1583",1874.2,7.76,760.59,757.5,763.25
"1584",1876.1,8.85,760.46,757.38,763.13
"1585",1876.92,7.75,760.41,757.32,763.08
"1586",1877.01,7.82,760.4,757.31,763.07
"1587",1877.3,6.87,760.38,757.29,763.05
"1588",1878.2,8.15,760.32,757.22,762.99
"1589",1879.1,8.9,760.26,757.15,762.93
"1590",1879.51,6.97,760.23,757.13,762.9
"1591",1880.6,7.65,760.16,757.03,762.81
"1592",1882.1,4.31,760.05,756.93,762.71
"1593",1882.22,7.35,760.05,756.92,762.7
"1594",1882.6,8.38,760.02,756.89,762.68
"1595",1885.1,8.3,759.85,756.71,762.52
"1596",1885.19,8.22,759.85,756.73,762.54
"1597",1885.3,8.04,759.84,756.72,762.53
"1598",1886.2,5.86,759.78,756.66,762.48
"1599",1888.1,8.36,759.65,756.52,762.35
"1600",1888.82,8.17,759.6,756.48,762.31
"1601",1890.53,8.14,759.48,756.36,762.21
"1602",1891.4,8.03,759.42,756.24,762.09
"1603",1893.4,5.67,759.28,756.18,762.04
"1604",1893.47,5.28,759.28,756.17,762.04
"1605",1894,5.8,759.24,756.13,762
"1606",1894.1,8.54,759.23,756.12,762
"1607",1894.7,5.34,759.19,756.07,761.95
"1608",1896.28,6.32,759.08,755.96,761.85
"1609",1897.03,6.44,759.03,755.91,761.8
"1610",1897.2,5.71,759.02,755.9,761.79
"1611",1898.23,7.2,758.95,755.82,761.72
"1612",1898.6,8.25,758.92,755.79,761.69
"1613",1899.52,2.07,758.85,755.72,761.62
"1614",1900.1,5.32,758.81,755.65,761.57
"1615",1900.35,1.76,758.8,755.64,761.55
"1616",1903.18,7.38,758.59,755.45,761.38
"1617",1904.53,7.19,758.5,755.34,761.29
"1618",1909.4,7.03,758.16,754.95,760.92
"1619",1912.1,7.31,757.96,754.75,760.75
"1620",1925.9,6.53,756.96,753.73,759.84
"1621",1927.85,7.26,756.82,753.82,759.94
"1622",1928.07,4.54,756.8,753.81,759.93
"1623",1930.33,6.24,756.63,753.62,759.76
"1624",1931.4,4.34,756.55,753.53,759.68
"1625",1934.32,4.5,756.33,753.31,759.48
"1626",1935.4,3.96,756.25,753.23,759.41
"1627",1937.1,2.88,756.13,753.1,759.3
"1628",1937.51,6.39,756.1,753.07,759.27
"1629",1937.7,3.42,756.08,753.06,759.26
"1630",1938.7,5.15,756.01,752.97,759.18
"1631",1938.9,3.63,755.99,752.95,759.16
"1632",1940.3,6.03,755.89,752.79,759.02
"1633",1940.3,3.71,755.89,752.79,759.02
"1634",1941.4,3.73,755.8,752.75,758.98
"1635",1944.95,4.52,755.53,752.35,758.61
"1636",1945.3,3.52,755.5,752.33,758.59
"1637",1946.1,4.05,755.44,752.27,758.53
"1638",1948.1,5.07,755.29,752.12,758.39
"1639",1949.53,5.39,755.18,752,758.28
"1640",1950.8,4.28,755.08,751.81,758.12
"1641",1952.5,4.51,754.95,751.66,757.99
"1642",1952.66,5.58,754.94,751.65,757.98
"1643",1953.4,3.4,754.88,751.67,758.01
"1644",1954.6,4.17,754.78,751.56,757.9
"1645",1955,3.36,754.75,751.53,757.87
"1646",1955.58,5.38,754.71,751.48,757.83
"1647",1955.7,4.66,754.7,751.47,757.82
"1648",1956.6,3.4,754.63,751.39,757.75
"1649",1956.8,4.64,754.61,751.38,757.74
"1650",1957.05,5.77,754.59,751.35,757.72
"1651",1957.9,3.62,754.52,751.32,757.69
"1652",1958.5,4.86,754.48,751.27,757.65
"1653",1958.6,4.19,754.47,751.26,757.64
"1654",1958.8,3.84,754.45,751.25,757.62
"1655",1958.9,3.67,754.44,751.24,757.61
"1656",1959,3.08,754.44,751.23,757.6
"1657",1959.4,4.19,754.41,751.2,757.58
"1658",1959.5,4.46,754.4,751.19,757.57
"1659",1960.16,5.68,754.35,751.13,757.53
"1660",1960.22,5.2,754.34,751.13,757.52
"1661",1960.4,4.79,754.33,751.04,757.44
"1662",1960.5,3.9,754.32,751.03,757.43
"1663",1960.9,4.77,754.29,750.98,757.38
"1664",1961,4.32,754.28,750.97,757.37
"1665",1961,3.3,754.28,750.97,757.37
"1666",1961,4.42,754.28,750.97,757.37
"1667",1961.1,4.44,754.27,750.98,757.38
"1668",1961.6,3.47,754.23,750.94,757.35
"1669",1962,5.32,754.2,750.91,757.31
"1670",1962.06,4.67,754.2,750.9,757.31
"1671",1962.6,5.47,754.15,750.86,757.27
"1672",1962.67,4.21,754.15,750.85,757.27
"1673",1963,5.52,754.12,750.83,757.24
"1674",1963.45,4.42,754.09,750.79,757.21
"1675",1963.5,4.31,754.08,750.79,757.2
"1676",1963.7,5.59,754.07,750.77,757.19
"1677",1964.6,5.86,753.99,750.69,757.11
"1678",1964.7,4.29,753.99,750.68,757.1
"1679",1964.96,4.12,753.97,750.65,757.08
"1680",1965.01,4.51,753.96,750.65,757.08
"1681",1965.3,5.69,753.94,750.62,757.06
"1682",1965.5,1.52,753.92,750.67,757.1
"1683",1965.9,1.14,753.89,750.64,757.07
"1684",1966.1,6.78,753.88,750.62,757.06
"1685",1966.2,5.24,753.87,750.61,757.05
"1686",1966.5,5.14,753.84,750.59,757.03
"1687",1967,2.64,753.8,750.49,756.94
"1688",1967.3,2.2,753.78,750.52,756.97
"1689",1967.5,4.7,753.76,750.5,756.96
"1690",1968,1.61,753.72,750.44,756.9
"1691",1968.1,4.9,753.71,750.43,756.89
"1692",1968.3,2.67,753.7,750.42,756.88
"1693",1968.5,3.02,753.68,750.4,756.86
"1694",1968.8,1.76,753.66,750.38,756.84
"1695",1969.7,2.03,753.59,750.3,756.77
"1696",1969.8,3.47,753.58,750.29,756.76
"1697",1969.9,4.65,753.57,750.28,756.75
"1698",1970.1,6.24,753.56,750.27,756.74
"1699",1971,2.91,753.48,750.19,756.66
"1700",1971,5.21,753.48,750.19,756.66
"1701",1971.5,3.18,753.44,750.15,756.63
"1702",1971.6,2.01,753.44,750.14,756.63
"1703",1971.6,6.71,753.44,750.14,756.63
"1704",1972.9,4.28,753.33,750.04,756.52
"1705",1972.9,7.03,753.33,750.04,756.52
"1706",1973.1,3.97,753.31,750.02,756.51
"1707",1973.3,3.48,753.3,750,756.49
"1708",1973.9,5.79,753.25,749.95,756.44
"1709",1973.97,5.84,753.24,749.94,756.44
"1710",1974,6.54,753.24,749.94,756.44
"1711",1974.6,6.67,753.19,749.88,756.38
"1712",1974.7,2.39,753.18,749.87,756.37
"1713",1975,3.98,753.16,749.84,756.35
"1714",1975.4,6.62,753.13,749.81,756.32
"1715",1975.66,6.53,753.1,749.79,756.31
"1716",1975.7,3.52,753.1,749.79,756.3
"1717",1976.1,6.38,753.07,749.75,756.27
"1718",1977.2,6.58,752.98,749.64,756.18
"1719",1977.5,6.53,752.95,749.61,756.16
"1720",1977.7,4.38,752.94,749.59,756.14
"1721",1978.1,2.56,752.91,749.56,756.11
"1722",1978.12,5.81,752.9,749.55,756.11
"1723",1979,2.72,752.83,749.47,756.04
"1724",1979.8,4.08,752.76,749.4,755.98
"1725",1979.8,6.88,752.76,749.4,755.98
"1726",1980.5,3,752.71,749.33,755.92
"1727",1980.6,6.85,752.7,749.32,755.92
"1728",1980.97,6.16,752.67,749.29,755.89
"1729",1981.5,3.01,752.62,749.23,755.83
"1730",1982,4.39,752.58,749.18,755.79
"1731",1982.1,6.94,752.57,749.17,755.78
"1732",1982.54,5.44,752.54,749.14,755.76
"1733",1982.7,3.62,752.52,749.12,755.74
"1734",1982.98,5.72,752.5,749.1,755.72
"1735",1983.28,6.43,752.48,749.07,755.7
"1736",1983.6,5.2,752.45,749.04,755.67
"1737",1983.88,6.22,752.43,749.01,755.65
"1738",1984.7,5.88,752.36,748.93,755.58
"1739",1985,3.96,752.33,748.9,755.56
"1740",1985.3,6.08,752.31,748.87,755.53
"1741",1986.2,4.45,752.23,748.78,755.45
"1742",1986.6,6.62,752.19,748.74,755.42
"1743",1987,4.35,752.16,748.7,755.39
"1744",1988.1,6.91,752.07,748.6,755.31
"1745",1989.1,4.11,751.98,748.49,755.22
"1746",1989.6,4.03,751.94,748.46,755.21
"1747",1990.8,7.38,751.84,748.44,755.2
"1748",1991,3.34,751.83,748.42,755.19
"1749",1991.9,4.15,751.75,748.34,755.11
"1750",1992.3,3.37,751.72,748.31,755.09
"1751",1992.4,7.21,751.71,748.3,755.08
"1752",1993,4.35,751.66,748.25,755.04
"1753",1994.8,6.65,751.51,748.09,754.9
"1754",1995,7.38,751.49,748.07,754.88
"1755",1995.6,5.23,751.44,748.01,754.83
"1756",1997,7.12,751.31,747.82,754.66
"1757",1997.8,6.32,751.24,747.74,754.6
"1758",1999.5,4.68,751.1,747.65,754.53
"1759",1999.8,3.76,751.08,747.62,754.51
"1760",2000.2,7.24,751.04,747.58,754.47
"1761",2001,7.05,750.98,747.5,754.41
"1762",2002.1,7.11,750.88,747.4,754.32
"1763",2003.1,7.2,750.8,747.31,754.24
"1764",2003.4,4.42,750.77,747.28,754.22
"1765",2003.5,7.34,750.76,747.27,754.21
"1766",2004.7,4.3,750.65,747.15,754.12
"1767",2005.8,5.06,750.56,746.98,753.97
"1768",2005.8,7.14,750.56,746.98,753.97
"1769",2006,6.87,750.54,746.96,753.95
"1770",2006.39,6.89,750.5,746.92,753.92
"1771",2007.14,6.91,750.44,746.83,753.84
"1772",2008,7.03,750.36,746.75,753.78
"1773",2010.28,5.4,750.16,746.56,753.63
"1774",2010.6,7.23,750.13,746.53,753.6
"1775",2011.6,5.19,750.05,746.42,753.52
"1776",2012,6.5,750.01,746.38,753.48
"1777",2016.6,7.2,749.6,745.82,753
"1778",2018.6,6.71,749.42,745.66,752.86
"1779",2020.6,7.18,749.24,745.46,752.69
"1780",2020.67,6.47,749.23,745.45,752.68
"1781",2022.02,7.11,749.11,745.31,752.57
"1782",2022.8,7.19,749.04,745.23,752.5
"1783",2025.6,7.15,748.78,744.95,752.27
"1784",2029.1,7.1,748.47,744.55,751.94
"1785",2037.3,2.3,747.7,743.74,751.29
"1786",2043.7,4.11,747.1,743.08,750.74
"1787",2045.6,4.61,746.92,742.87,750.58
"1788",2046.17,2.26,746.87,742.83,750.55
"1789",2047.4,4.76,746.75,742.68,750.43
"1790",2048.79,3.8,746.62,742.54,750.31
"1791",2048.8,2.6,746.61,742.54,750.31
"1792",2050.2,0.93,746.48,742.42,750.22
"1793",2050.8,1.05,746.42,742.35,750.17
"1794",2051.7,3.68,746.33,742.23,750.06
"1795",2052,2.88,746.3,742.19,750.04
"1796",2052.5,3.43,746.25,742.14,749.99
"1797",2054.5,5.71,746.06,741.91,749.81
"1798",2055.74,2.52,745.94,741.75,749.68
"1799",2058.5,4.06,745.67,741.44,749.45
"1800",2058.6,7.41,745.66,741.42,749.44
"1801",2059.18,3.42,745.6,741.36,749.39
"1802",2059.4,2.76,745.58,741.33,749.37
"1803",2061.5,3.39,745.37,741.09,749.2
"1804",2062,2.84,745.32,741.02,749.14
"1805",2062.92,4.59,745.23,740.93,749.08
"1806",2063.5,3.77,745.17,740.85,749.01
"1807",2063.9,1.6,745.13,740.8,748.98
"1808",2066.4,2.18,744.88,740.46,748.7
"1809",2066.58,3.69,744.87,740.44,748.68
"1810",2066.6,1.67,744.86,740.43,748.68
"1811",2068,2.2,744.72,740.42,748.71
"1812",2068.1,2.33,744.71,740.41,748.7
"1813",2069.2,4,744.6,740.28,748.61
"1814",2069.3,1.35,744.59,740.09,748.42
"1815",2070,0.45,744.52,740,748.36
"1816",2070,0.49,744.52,740,748.36
"1817",2071.8,0.37,744.35,739.92,748.32
"1818",2071.9,2.02,744.33,739.91,748.31
"1819",2072.04,3.69,744.32,739.89,748.3
"1820",2073.6,0.41,744.16,739.68,748.14
"1821",2073.7,0.56,744.15,739.67,748.13
"1822",2074.66,4.12,744.05,739.56,748.05
"1823",2076.2,1.67,743.89,739.27,747.8
"1824",2078,3.49,743.7,739.06,747.63
"1825",2078.1,1.68,743.69,739.05,747.62
"1826",2078.1,1.86,743.69,739.05,747.62
"1827",2079.1,0.96,743.58,738.93,747.52
"1828",2079.1,2.4,743.58,738.93,747.52
"1829",2079.5,0.49,743.54,738.88,747.48
"1830",2080.4,2.78,743.45,738.77,747.39
"1831",2080.4,3.14,743.45,738.77,747.39
"1832",2080.8,0.38,743.41,738.72,747.35
"1833",2080.9,5.62,743.4,738.7,747.34
"1834",2083.8,2.3,743.09,738.34,747.06
"1835",2084.2,3.03,743.05,738.29,747.02
"1836",2084.8,4.17,742.99,738.24,747
"1837",2085.1,3.54,742.96,738.2,746.97
"1838",2085.3,5.95,742.93,738.15,746.93
"1839",2086,4.54,742.86,738.07,746.87
"1840",2086.1,-1.01,742.85,738.06,746.86
"1841",2086.4,4.73,742.82,738.02,746.83
"1842",2086.6,5.21,742.8,738,746.81
"1843",2086.8,4.35,742.78,737.99,746.81
"1844",2087,4.72,742.76,737.97,746.79
"1845",2087.2,2.33,742.73,737.95,746.77
"1846",2089.32,-2.84,742.51,737.66,746.55
"1847",2091.4,5.21,742.28,737.42,746.37
"1848",2092.1,4.5,742.21,737.33,746.3
"1849",2092.23,-3.19,742.2,737.32,746.29
"1850",2092.98,-3.29,742.12,737.22,746.22
"1851",2094.25,-4.04,741.98,737.06,746.09
"1852",2095,4.69,741.9,736.96,746.02
"1853",2095.45,-3.99,741.85,736.9,745.98
"1854",2096.64,-3.98,741.72,736.75,745.86
"1855",2097.1,1.2,741.67,736.69,745.82
"1856",2097.5,-2.22,741.63,736.64,745.79
"1857",2101.6,2.84,741.18,736.02,745.3
"1858",2104,-0.27,740.91,735.73,745.07
"1859",2105.1,1.01,740.79,735.58,744.96
"1860",2106.07,-4.79,740.69,735.44,744.86
"1861",2107.1,-0.12,740.57,735.3,744.76
"1862",2108.76,-3.09,740.39,735.09,744.62
"1863",2109.5,0.08,740.3,735,744.55
"1864",2112,-1.63,740.02,734.7,744.34
"1865",2112.1,-0.28,740.01,734.69,744.33
"1866",2113.4,-0.87,739.86,734.48,744.17
"1867",2114.7,-2.65,739.72,734.32,744.05
"1868",2115.1,-2.45,739.67,734.26,744.01
"1869",2118.52,-1.37,739.28,733.78,743.67
"1870",2120.8,-3.78,739.02,733.46,743.46
"1871",2123.8,-2.6,738.66,733.06,743.18
"1872",2124,-4.37,738.64,733.03,743.16
"1873",2124,-3.68,738.64,733.03,743.16
"1874",2125.3,-4.03,738.48,732.89,743.08
"1875",2126,-4.9,738.4,732.75,742.96
"1876",2126.9,-4.43,738.29,732.66,742.9
"1877",2128.7,-5.42,738.08,732.41,742.73
"1878",2129,-4.84,738.04,732.36,742.7
"1879",2129.3,-5.02,738.01,732.32,742.66
"1880",2130,-5.72,737.93,732.22,742.59
"1881",2130.4,-6.01,737.88,732.16,742.54
"1882",2132.1,-5.57,737.67,731.91,742.36
"1883",2133.4,-6.24,737.51,731.72,742.23
"1884",2133.7,-3,737.47,731.67,742.2
"1885",2134.6,-5.1,737.36,731.51,742.07
"1886",2135,-5.4,737.31,731.45,742.02
"1887",2135.4,-4.79,737.27,731.39,741.98
"1888",2135.9,-5.83,737.2,731.38,741.99
"1889",2135.9,-2.92,737.2,731.38,741.99
"1890",2137.2,-6.48,737.04,731.18,741.85
"1891",2137.4,-5.16,737.02,731.11,741.8
"1892",2137.4,-4.92,737.02,731.11,741.8
"1893",2137.6,-5.44,737,731.08,741.78
"1894",2137.7,-6.11,736.98,731.06,741.77
"1895",2138,-4.92,736.95,731.02,741.73
"1896",2138.3,-5.82,736.91,730.97,741.7
"1897",2138.5,-4.98,736.89,730.94,741.68
"1898",2138.5,-3.52,736.89,730.94,741.68
"1899",2138.7,-5.89,736.86,730.91,741.66
"1900",2139.2,-3.54,736.8,730.84,741.61
"1901",2139.4,-4.65,736.77,730.8,741.59
"1902",2139.5,-5.24,736.76,730.74,741.53
